{"stats":{"minecraft:crafted":{"minecraft:oak_door":3,"minecraft:oak_planks":132,"minecraft:stone_shovel":6,"minecraft:furnace":3,"minecraft:bone_meal":6,"minecraft:spruce_fence":69,"minecraft:glass_pane":80,"minecraft:flint_and_steel":1,"minecraft:glass":30,"minecraft:stone_pickaxe":3,"minecraft:chest":2,"minecraft:dark_oak_planks":256,"minecraft:oak_slab":36,"minecraft:crafting_table":5,"minecraft:spruce_planks":256,"minecraft:wooden_pickaxe":1,"minecraft:brown_bed":1,"minecraft:fletching_table":3,"minecraft:bucket":1,"minecraft:acacia_stairs":12,"minecraft:stone_axe":3,"minecraft:air":0,"minecraft:oak_boat":1,"minecraft:dark_oak_slab":126,"minecraft:charcoal":28,"minecraft:diamond_pickaxe":1,"minecraft:shield":1,"minecraft:stick":80,"minecraft:brown_wool":4,"minecraft:iron_ingot":12,"minecraft:iron_pickaxe":1,"minecraft:stone_sword":1,"minecraft:iron_shovel":2,"minecraft:white_bed":48,"minecraft:composter":23,"minecraft:acacia_planks":396,"minecraft:spruce_fence_gate":2,"minecraft:diorite_slab":54,"minecraft:torch":44,"minecraft:shears":2},"minecraft:broken":{"minecraft:golden_hoe":1,"minecraft:stone_pickaxe":2,"minecraft:shield":1,"minecraft:stone_axe":1,"minecraft:stone_shovel":5},"minecraft:mined":{"minecraft:tuff":8,"minecraft:spruce_planks":1,"minecraft:white_bed":13,"minecraft:mossy_cobblestone":1,"minecraft:deepslate_diamond_ore":6,"minecraft:obsidian":10,"gravestone:gravestone":4,"minecraft:granite":18,"minecraft:acacia_log":137,"minecraft:grass_block":312,"minecraft:composter":1,"minecraft:diorite_slab":6,"minecraft:carrots":2,"minecraft:iron_ore":3,"minecraft:cobbled_deepslate":13,"minecraft:fire":6,"minecraft:andesite":39,"minecraft:bell":1,"minecraft:dirt_path":10,"minecraft:potatoes":27,"chococraft:gysahl_green":23,"minecraft:shroomlight":2,"minecraft:deepslate_iron_ore":9,"minecraft:stripped_oak_log":1,"minecraft:stone":140,"minecraft:glass_pane":2,"minecraft:crimson_nylium":3,"minecraft:dandelion":1,"minecraft:cornflower":1,"minecraft:crafting_table":1,"minecraft:torch":3,"minecraft:nether_quartz_ore":4,"minecraft:tall_grass":14,"minecraft:cobblestone":48,"minecraft:sugar_cane":34,"minecraft:oak_planks":15,"minecraft:diorite":32,"minecraft:wall_torch":2,"minecraft:warped_nylium":5,"minecraft:wheat":14,"minecraft:yellow_bed":10,"minecraft:grass":114,"minecraft:coal_ore":1,"minecraft:oak_log":32,"minecraft:beetroots":2,"minecraft:gravel":77,"minecraft:sand":322,"minecraft:dirt":198,"minecraft:acacia_planks":8,"minecraft:netherrack":29,"minecraft:oak_leaves":2,"minecraft:deepslate":199},"minecraft:used":{"minecraft:beetroot":2,"minecraft:stone_sword":100,"minecraft:iron_shovel":175,"minecraft:flint_and_steel":36,"minecraft:stone_shovel":694,"minecraft:spruce_planks":57,"minecraft:chest":5,"minecraft:shield":32,"minecraft:iron_sword":23,"minecraft:bell":1,"minecraft:rotten_flesh":26,"minecraft:oak_door":1,"minecraft:torch":36,"minecraft:dirt":206,"minecraft:carrot":19,"minecraft:acacia_sapling":4,"minecraft:spruce_fence":46,"minecraft:granite":2,"minecraft:obsidian":5,"minecraft:shroomlight":2,"minecraft:lava_bucket":6,"minecraft:bow":69,"minecraft:oak_sapling":5,"minecraft:furnace":3,"minecraft:potato":56,"minecraft:cooked_beef":16,"minecraft:acacia_planks":311,"minecraft:cobbled_deepslate":237,"minecraft:brown_bed":1,"minecraft:water_bucket":6,"minecraft:diorite":7,"minecraft:stone_pickaxe":379,"minecraft:oak_planks":36,"useless_sword:coal_sword":23,"minecraft:wooden_pickaxe":30,"minecraft:composter":24,"minecraft:fletching_table":3,"minecraft:spruce_fence_gate":2,"minecraft:sugar_cane":22,"minecraft:golden_hoe":32,"minecraft:sand":25,"minecraft:crafting_table":7,"minecraft:crossbow":29,"minecraft:white_bed":60,"minecraft:shears":5,"minecraft:diamond_pickaxe":17,"minecraft:acacia_stairs":12,"minecraft:apple":2,"minecraft:bread":26,"minecraft:iron_pickaxe":180,"minecraft:gravel":11,"minecraft:stone_axe":262,"minecraft:cobblestone":91,"minecraft:porkchop":1,"minecraft:bucket":11,"minecraft:glass_pane":73,"minecraft:yellow_bed":10,"chococraft:gysahl_green":44,"minecraft:oak_boat":1,"minecraft:bone_meal":6,"minecraft:diorite_slab":64},"minecraft:picked_up":{"chococraft:loverly_gysahl_green":2,"minecraft:crafting_table":2,"minecraft:wheat":14,"minecraft:chainmail_boots":1,"securitycraft:taser":2,"minecraft:lead":5,"minecraft:wooden_pickaxe":1,"minecraft:diorite_slab":10,"minecraft:enchanted_book":2,"gravestone:obituary":1,"minecraft:cornflower":1,"minecraft:string":6,"minecraft:shroomlight":2,"minecraft:glass_pane":12,"minecraft:beetroot":2,"minecraft:cobbled_deepslate":252,"minecraft:spruce_planks":1,"minecraft:oak_boat":1,"minecraft:poppy":2,"minecraft:lectern":2,"minecraft:sugar_cane":52,"minecraft:chest":3,"minecraft:iron_boots":1,"minecraft:stick":34,"minecraft:raw_iron":12,"minecraft:oak_door":1,"minecraft:composter":1,"minecraft:torch":12,"minecraft:acacia_log":127,"securitycraft:camera_monitor":1,"minecraft:porkchop":1,"minecraft:diorite":41,"minecraft:carrot":10,"minecraft:diamond_chestplate":1,"minecraft:arrow":535,"minecraft:rotten_flesh":33,"minecraft:beetroot_seeds":8,"useless_sword:coal_sword":1,"minecraft:obsidian":10,"minecraft:white_wool":181,"minecraft:cobblestone":195,"minecraft:stripped_oak_log":1,"minecraft:leather_chestplate":1,"minecraft:cooked_beef":25,"minecraft:water_bucket":1,"minecraft:andesite":39,"useless_sword:charged_copper_sword":1,"minecraft:golden_leggings":1,"alexsmobs:acacia_blossom":10,"minecraft:potato":63,"alexsmobs:bison_fur":18,"minecraft:flint":9,"minecraft:tuff":8,"minecraft:oak_log":32,"minecraft:yellow_bed":10,"minecraft:gunpowder":1,"minecraft:dirt":512,"chococraft:chocobo_feather":1,"minecraft:bone":5,"chococraft:gysahl_green":61,"minecraft:acacia_planks":8,"minecraft:apple":2,"chococraft:gold_gysahl":1,"minecraft:bow":1,"minecraft:wheat_seeds":68,"minecraft:bell":2,"minecraft:iron_ingot":17,"minecraft:iron_sword":1,"minecraft:oak_planks":112,"minecraft:acacia_sapling":35,"minecraft:book":8,"minecraft:quartz":4,"minecraft:dandelion":1,"minecraft:gravel":65,"minecraft:sand":322,"chococraft:gysahl_green_seeds":23,"minecraft:white_bed":13,"minecraft:spruce_log":64,"minecraft:dark_oak_log":64,"minecraft:spider_eye":2,"minecraft:mossy_cobblestone":1,"minecraft:diamond":6,"minecraft:iron_helmet":1,"minecraft:crossbow":2,"minecraft:granite":20,"minecraft:grass":10,"minecraft:emerald":32,"minecraft:bread":16,"minecraft:warped_roots":1,"minecraft:oak_sapling":5,"minecraft:netherrack":32,"minecraft:coal":1},"minecraft:dropped":{"chococraft:loverly_gysahl_green":2,"minecraft:cooked_beef":7,"chococraft:gold_gysahl":1,"useless_sword:charged_copper_sword":1,"minecraft:emerald":32,"gravestone:obituary":1,"minecraft:bucket":1,"minecraft:acacia_planks":64,"minecraft:gravel":1,"minecraft:cobbled_deepslate":2,"chococraft:chocobo_feather":1,"securitycraft:taser":1,"minecraft:oak_planks":96,"minecraft:white_bed":1,"minecraft:potato":17,"minecraft:chainmail_boots":1,"securitycraft:camera_monitor":1,"minecraft:wooden_pickaxe":1,"chococraft:gysahl_green":17},"minecraft:custom":{"minecraft:mob_kills":50,"minecraft:animals_bred":6,"minecraft:interact_with_crafting_table":51,"minecraft:bell_ring":36,"minecraft:leave_game":2,"minecraft:time_since_death":164791,"minecraft:sprint_one_cm":520408,"minecraft:walk_one_cm":864850,"minecraft:damage_blocked_by_shield":2651,"minecraft:drop":62,"minecraft:talked_to_villager":1,"minecraft:play_time":355675,"minecraft:deaths":6,"minecraft:sneak_time":30026,"minecraft:walk_under_water_one_cm":36609,"minecraft:boat_one_cm":77580,"minecraft:jump":4116,"minecraft:walk_on_water_one_cm":56787,"minecraft:total_world_time":355675,"minecraft:interact_with_furnace":22,"minecraft:sleep_in_bed":19,"minecraft:time_since_rest":10468,"minecraft:damage_taken":6207,"minecraft:damage_dealt":7438,"minecraft:fly_one_cm":848704,"minecraft:swim_one_cm":32968,"minecraft:open_chest":67,"minecraft:crouch_one_cm":81232,"minecraft:fall_one_cm":85746},"minecraft:killed":{"minecraft:witch":2,"alexsmobs:raccoon":1,"minecraft:spider":3,"minecraft:skeleton":3,"minecraft:drowned":4,"alexsmobs:bison":3,"minecraft:pig":1,"minecraft:zombie_villager":1,"minecraft:iron_golem":3,"minecraft:wandering_trader":1,"minecraft:creeper":2,"alexsmobs:crocodile":2,"minecraft:zombie":20,"alexsmobs:terrapin":1,"alexsmobs:crow":1,"alexsmobs:fly":1}},"DataVersion":3465}