{"stats":{"minecraft:killed":{"minecraft:spider":1,"minecraft:zombie":3},"minecraft:custom":{"minecraft:interact_with_furnace":19,"minecraft:mob_kills":4,"minecraft:interact_with_crafting_table":25,"minecraft:time_since_death":6595,"minecraft:time_since_rest":6633,"minecraft:damage_blocked_by_shield":15,"minecraft:sprint_one_cm":114356,"minecraft:damage_taken":870,"minecraft:walk_one_cm":264429,"minecraft:drop":2,"minecraft:damage_dealt":960,"minecraft:fly_one_cm":136982,"minecraft:open_chest":14,"minecraft:crouch_one_cm":47307,"minecraft:play_time":101877,"minecraft:deaths":2,"minecraft:sneak_time":18694,"minecraft:walk_under_water_one_cm":260,"minecraft:jump":1185,"minecraft:walk_on_water_one_cm":12028,"minecraft:total_world_time":101877,"minecraft:fall_one_cm":20707},"minecraft:crafted":{"minecraft:oak_planks":68,"minecraft:stone_shovel":6,"minecraft:crafting_table":2,"minecraft:wooden_pickaxe":1,"minecraft:furnace":3,"minecraft:bucket":1,"minecraft:acacia_stairs":12,"minecraft:stone_axe":3,"minecraft:air":0,"minecraft:glass_pane":80,"minecraft:flint_and_steel":1,"minecraft:glass":30,"minecraft:diamond_pickaxe":1,"minecraft:charcoal":28,"minecraft:shield":1,"minecraft:stick":24,"minecraft:iron_ingot":12,"minecraft:iron_pickaxe":1,"minecraft:stone_pickaxe":3,"minecraft:stone_sword":1,"minecraft:chest":1,"minecraft:acacia_planks":396,"minecraft:torch":44},"minecraft:mined":{"minecraft:tuff":8,"minecraft:glass_pane":1,"minecraft:deepslate_diamond_ore":6,"minecraft:crimson_nylium":3,"minecraft:obsidian":10,"minecraft:crafting_table":1,"minecraft:torch":3,"gravestone:gravestone":2,"minecraft:granite":18,"minecraft:acacia_log":137,"minecraft:grass_block":192,"minecraft:nether_quartz_ore":4,"minecraft:tall_grass":1,"minecraft:cobblestone":46,"minecraft:sugar_cane":17,"minecraft:oak_planks":2,"minecraft:diorite":29,"minecraft:warped_nylium":5,"minecraft:cobbled_deepslate":6,"minecraft:iron_ore":3,"minecraft:andesite":39,"minecraft:grass":13,"minecraft:oak_log":21,"minecraft:coal_ore":1,"minecraft:shroomlight":2,"minecraft:deepslate_iron_ore":9,"minecraft:gravel":6,"minecraft:sand":303,"minecraft:dirt":65,"minecraft:acacia_planks":8,"minecraft:stone":140,"minecraft:netherrack":29,"minecraft:deepslate":199},"minecraft:broken":{"minecraft:stone_pickaxe":2,"minecraft:stone_axe":1,"minecraft:stone_shovel":4},"minecraft:dropped":{"minecraft:bucket":1,"minecraft:acacia_planks":64},"minecraft:used":{"minecraft:water_bucket":6,"minecraft:diorite":1,"minecraft:stone_sword":5,"minecraft:flint_and_steel":1,"minecraft:stone_shovel":564,"minecraft:stone_pickaxe":371,"minecraft:oak_planks":10,"minecraft:shield":1,"minecraft:chest":1,"minecraft:wooden_pickaxe":30,"minecraft:sugar_cane":22,"minecraft:rotten_flesh":1,"minecraft:torch":34,"minecraft:sand":4,"minecraft:dirt":16,"minecraft:crafting_table":3,"minecraft:acacia_sapling":4,"minecraft:shroomlight":2,"minecraft:diamond_pickaxe":17,"minecraft:acacia_stairs":12,"minecraft:apple":2,"minecraft:lava_bucket":6,"minecraft:bread":10,"minecraft:iron_pickaxe":162,"minecraft:stone_axe":186,"minecraft:cobblestone":89,"minecraft:furnace":3,"minecraft:bucket":11,"minecraft:glass_pane":73,"minecraft:cobbled_deepslate":194,"minecraft:acacia_planks":311},"minecraft:picked_up":{"minecraft:crafting_table":1,"minecraft:water_bucket":1,"minecraft:andesite":39,"alexsmobs:acacia_blossom":10,"minecraft:flint":1,"minecraft:tuff":8,"minecraft:oak_log":21,"minecraft:dirt":244,"minecraft:shroomlight":2,"minecraft:acacia_planks":8,"minecraft:apple":2,"minecraft:wheat_seeds":10,"minecraft:cobbled_deepslate":207,"minecraft:sugar_cane":22,"minecraft:oak_planks":2,"minecraft:acacia_sapling":35,"minecraft:stick":26,"minecraft:raw_iron":12,"minecraft:torch":6,"minecraft:quartz":4,"minecraft:acacia_log":127,"minecraft:gravel":4,"minecraft:sand":303,"minecraft:diorite":29,"minecraft:rotten_flesh":4,"minecraft:diamond":6,"minecraft:granite":18,"minecraft:warped_roots":1,"minecraft:oak_sapling":1,"minecraft:netherrack":32,"minecraft:obsidian":10,"minecraft:coal":1,"minecraft:cobblestone":193}},"DataVersion":3465}