{"stats":{"minecraft:killed":{"minecraft:cave_spider":2,"minecraft:witch":2,"minecraft:spider":3,"minecraft:skeleton":15,"creeperoverhaul:cave_creeper":1,"minecraft:pig":1,"minecraft:zombie_villager":2,"minecraft:iron_golem":13,"minecraft:creeper":2,"minecraft:zombie":94,"alexsmobs:terrapin":1,"minecraft:stray":28,"alexsmobs:fly":1,"minecraft:vex":1,"alexsmobs:raccoon":1,"alexsmobs:bison":5,"minecraft:drowned":4,"minecraft:wandering_trader":1,"alexsmobs:catfish":1,"alexsmobs:crocodile":2,"alexsmobs:crow":1},"minecraft:custom":{"minecraft:animals_bred":6,"minecraft:interact_with_crafting_table":84,"minecraft:open_barrel":10,"minecraft:bell_ring":53,"minecraft:leave_game":12,"minecraft:time_since_death":13030,"minecraft:sprint_one_cm":1198656,"minecraft:damage_blocked_by_shield":6911,"minecraft:drop":501,"minecraft:talked_to_villager":7,"minecraft:play_time":781000,"minecraft:deaths":34,"minecraft:jump":9846,"minecraft:walk_on_water_one_cm":175030,"minecraft:interact_with_furnace":31,"minecraft:traded_with_villager":44,"minecraft:interact_with_cartography_table":1,"minecraft:sleep_in_bed":28,"minecraft:damage_dealt":35743,"minecraft:crouch_one_cm":181728,"minecraft:horse_one_cm":2112,"minecraft:interact_with_anvil":1,"minecraft:mob_kills":187,"minecraft:climb_one_cm":40780,"minecraft:walk_one_cm":2149100,"minecraft:sneak_time":66316,"minecraft:walk_under_water_one_cm":96006,"minecraft:boat_one_cm":395745,"minecraft:total_world_time":781000,"minecraft:time_since_rest":13064,"minecraft:damage_taken":21711,"minecraft:damage_absorbed":40,"minecraft:swim_one_cm":81982,"minecraft:fly_one_cm":1835849,"minecraft:open_chest":179,"minecraft:fall_one_cm":219356},"minecraft:killed_by":{"minecraft:zombie":2},"minecraft:crafted":{"minecraft:oak_planks":804,"minecraft:glass":30,"minecraft:chest":2,"minecraft:stone_hoe":2,"minecraft:oak_slab":36,"minecraft:emerald":44,"minecraft:diamond_axe":1,"minecraft:crafting_table":9,"minecraft:spruce_planks":328,"minecraft:jungle_boat":2,"minecraft:wooden_pickaxe":2,"minecraft:baked_potato":30,"minecraft:brown_bed":1,"minecraft:fletching_table":3,"minecraft:dark_oak_slab":126,"minecraft:charcoal":28,"minecraft:diamond_pickaxe":1,"minecraft:shield":3,"minecraft:stick":1512,"minecraft:iron_ingot":14,"minecraft:iron_pickaxe":3,"minecraft:stone_sword":1,"minecraft:composter":23,"minecraft:spruce_fence_gate":2,"minecraft:shears":2,"minecraft:oak_door":3,"minecraft:stone_shovel":6,"minecraft:furnace":3,"minecraft:bone_meal":261,"minecraft:spruce_fence":69,"minecraft:glass_pane":80,"minecraft:flint_and_steel":3,"minecraft:iron_hoe":1,"minecraft:stone_pickaxe":5,"minecraft:spruce_boat":1,"minecraft:dark_oak_planks":256,"minecraft:bucket":1,"minecraft:acacia_stairs":12,"minecraft:stone_axe":15,"minecraft:jungle_slab":252,"minecraft:air":0,"minecraft:jungle_planks":180,"minecraft:oak_boat":6,"minecraft:brown_wool":4,"minecraft:iron_shovel":2,"minecraft:white_bed":48,"minecraft:acacia_planks":396,"minecraft:diorite_slab":54,"minecraft:torch":84},"minecraft:mined":{"minecraft:spruce_planks":7,"minecraft:white_bed":67,"minecraft:oak_sapling":1,"minecraft:jungle_slab":3,"minecraft:cobblestone_stairs":12,"minecraft:obsidian":10,"minecraft:spruce_trapdoor":2,"minecraft:granite":19,"minecraft:acacia_log":137,"minecraft:grass_block":528,"minecraft:jungle_log":93,"minecraft:composter":49,"minecraft:spawner":5,"minecraft:smooth_stone":6,"minecraft:cobbled_deepslate":22,"minecraft:sticky_piston":6,"minecraft:iron_ore":3,"minecraft:fire":21,"minecraft:fletching_table":6,"minecraft:brown_bed":1,"chococraft:gysahl_green":42,"minecraft:dirt_path":48,"minecraft:oak_stairs":14,"minecraft:spruce_slab":7,"minecraft:cyan_terracotta":8,"minecraft:crimson_nylium":3,"minecraft:powder_snow":1,"minecraft:clay":1,"minecraft:torch":4,"minecraft:calcite":14,"minecraft:polished_andesite_stairs":8,"minecraft:nether_quartz_ore":4,"minecraft:cobblestone":252,"minecraft:oak_planks":70,"minecraft:sugar_cane":34,"minecraft:wall_torch":4,"minecraft:skeleton_skull":1,"minecraft:warped_nylium":5,"minecraft:powered_rail":1,"minecraft:birch_trapdoor":4,"minecraft:wheat":15,"minecraft:smooth_stone_slab":5,"minecraft:grass":153,"minecraft:oak_log":203,"minecraft:beetroots":2,"minecraft:oak_fence_gate":1,"minecraft:dirt":432,"minecraft:loom":2,"minecraft:sand":324,"structure_gel:dynamic_spawner":2,"minecraft:netherrack":37,"minecraft:oak_leaves":19,"minecraft:deepslate":245,"minecraft:tuff":8,"minecraft:mossy_cobblestone":48,"minecraft:deepslate_diamond_ore":6,"minecraft:glow_lichen":1,"gravestone:gravestone":29,"minecraft:spruce_fence":6,"minecraft:jungle_planks":1,"minecraft:spruce_leaves":24,"minecraft:cartography_table":1,"minecraft:large_fern":4,"minecraft:diorite_slab":60,"minecraft:carrots":2,"minecraft:andesite":46,"minecraft:stripped_spruce_log":31,"minecraft:bell":2,"minecraft:bookshelf":11,"minecraft:potatoes":381,"minecraft:deepslate_iron_ore":10,"minecraft:shroomlight":51,"minecraft:vine":4,"minecraft:rail":21,"minecraft:warped_stem":10,"minecraft:stripped_oak_log":11,"minecraft:packed_ice":60,"minecraft:bamboo":2,"minecraft:stone":197,"minecraft:podzol":216,"minecraft:light_gray_carpet":1,"minecraft:glass_pane":12,"minecraft:dandelion":4,"minecraft:oak_fence":38,"minecraft:crafting_table":2,"minecraft:cornflower":2,"minecraft:warped_roots":2,"minecraft:rose_bush":3,"minecraft:tall_grass":16,"minecraft:diorite":33,"minecraft:warped_wart_block":63,"minecraft:spruce_stairs":1,"minecraft:coarse_dirt":1,"minecraft:sweet_berry_bush":4,"minecraft:ice":14,"minecraft:spruce_log":14,"minecraft:yellow_bed":15,"minecraft:coal_ore":4,"minecraft:gravel":135,"minecraft:cobweb":25,"minecraft:cracked_stone_bricks":4,"minecraft:terracotta":1,"minecraft:acacia_planks":8,"minecraft:stone_bricks":3,"minecraft:polished_andesite":16,"minecraft:mossy_stone_bricks":2,"minecraft:gold_ore":2,"minecraft:fern":2},"minecraft:broken":{"minecraft:golden_helmet":1,"minecraft:golden_boots":1,"minecraft:iron_boots":1,"useless_sword:coal_sword":1,"minecraft:golden_leggings":1,"minecraft:stone_pickaxe":4,"minecraft:stone_axe":3,"minecraft:stone_shovel":5,"minecraft:golden_hoe":1,"minecraft:flint_and_steel":1,"minecraft:leather_chestplate":1,"minecraft:stone_hoe":1,"minecraft:shield":2,"minecraft:iron_pickaxe":1,"minecraft:iron_helmet":1},"minecraft:dropped":{"chococraft:loverly_gysahl_green":4,"minecraft:cooked_beef":11,"minecraft:baked_potato":66,"minecraft:crafting_table":1,"minecraft:crossbow":1,"minecraft:cookie":46,"minecraft:warped_roots":2,"minecraft:emerald":32,"useless_sword:charged_copper_sword":1,"minecraft:flint":7,"minecraft:cyan_terracotta":2,"minecraft:dirt":36,"gravestone:obituary":24,"minecraft:sand":64,"minecraft:dark_oak_planks":1,"minecraft:armor_stand":1,"minecraft:gravel":85,"minecraft:iron_nugget":9,"minecraft:golden_chestplate":1,"minecraft:cobbled_deepslate":45,"minecraft:rotten_flesh":5,"minecraft:oak_planks":96,"securitycraft:taser":1,"minecraft:white_bed":4,"alexsmobs:cachalot_whale_tooth":1,"minecraft:oak_fence_gate":1,"minecraft:tipped_arrow":7,"minecraft:gunpowder":1,"minecraft:skeleton_skull":1,"minecraft:chainmail_boots":1,"securitycraft:camera_monitor":1,"minecraft:beef":6,"minecraft:arrow":25,"minecraft:stone_brick_stairs":1,"minecraft:golden_boots":1,"minecraft:stripped_spruce_log":10,"minecraft:wheat_seeds":8,"chococraft:gold_gysahl":1,"minecraft:poisonous_potato":2,"minecraft:oak_fence":34,"minecraft:cobblestone":11,"minecraft:apple":10,"chococraft:gysahl_green_seeds":21,"minecraft:stick":39,"minecraft:diorite":1,"minecraft:ink_sac":10,"minecraft:torch":24,"minecraft:iron_leggings":2,"minecraft:string":24,"minecraft:bucket":1,"minecraft:acacia_planks":64,"minecraft:spruce_sapling":1,"minecraft:stone_sword":1,"chococraft:chocobo_feather":1,"minecraft:sticky_piston":6,"minecraft:raw_iron":1,"minecraft:spruce_fence":1,"minecraft:diamond_sword":1,"minecraft:filled_map":1,"minecraft:potato":234,"minecraft:spruce_planks":16,"minecraft:andesite":6,"minecraft:oak_sapling":1,"minecraft:spider_eye":1,"minecraft:stone_pickaxe":1,"minecraft:wooden_pickaxe":2,"minecraft:raw_gold":3,"minecraft:calcite":4,"chococraft:gysahl_green":38},"minecraft:picked_up":{"chococraft:loverly_gysahl_green":4,"minecraft:wheat":15,"minecraft:chainmail_boots":1,"securitycraft:taser":2,"minecraft:lead":5,"minecraft:oak_stairs":9,"minecraft:brown_bed":1,"minecraft:enchanted_book":2,"minecraft:potion":1,"minecraft:stone_brick_stairs":1,"minecraft:golden_sword":3,"minecraft:string":38,"minecraft:iron_leggings":2,"minecraft:armor_stand":1,"minecraft:sticky_piston":6,"minecraft:shroomlight":50,"minecraft:beetroot":2,"minecraft:tnt_minecart":1,"minecraft:smooth_stone":6,"minecraft:cobbled_deepslate":304,"minecraft:spruce_planks":4,"minecraft:rose_bush":7,"minecraft:calcite":6,"minecraft:iron_boots":1,"minecraft:golden_helmet":1,"minecraft:tipped_arrow":11,"minecraft:stick":104,"minecraft:composter":49,"minecraft:birch_trapdoor":4,"minecraft:oak_fence":36,"minecraft:torch":57,"minecraft:acacia_log":127,"minecraft:spruce_stairs":1,"securitycraft:camera_monitor":1,"minecraft:porkchop":1,"minecraft:diorite":42,"minecraft:golden_chestplate":1,"minecraft:stone_sword":1,"minecraft:rotten_flesh":101,"useless_sword:coal_sword":1,"minecraft:cyan_terracotta":2,"minecraft:obsidian":10,"minecraft:cobblestone":419,"minecraft:leather_chestplate":1,"minecraft:cooked_beef":43,"minecraft:andesite":47,"minecraft:water_bucket":1,"minecraft:jungle_log":75,"minecraft:golden_leggings":1,"minecraft:potato":1287,"alexsmobs:bison_fur":18,"minecraft:flint":19,"minecraft:tuff":8,"minecraft:dirt":1190,"securitycraft:sentry":1,"minecraft:bone":51,"minecraft:acacia_planks":8,"minecraft:bow":1,"minecraft:wheat_seeds":76,"minecraft:raw_gold":3,"minecraft:bell":3,"minecraft:mossy_stone_bricks":1,"minecraft:fletching_table":6,"minecraft:bamboo":23,"minecraft:powered_rail":1,"minecraft:oak_planks":150,"minecraft:cooked_porkchop":3,"minecraft:warped_wart_block":56,"minecraft:poisonous_potato":4,"minecraft:jungle_planks":1,"minecraft:sand":385,"minecraft:stripped_spruce_log":42,"minecraft:ink_sac":23,"minecraft:loom":2,"minecraft:jungle_slab":5,"minecraft:dark_oak_log":64,"minecraft:mossy_cobblestone":41,"minecraft:polished_andesite":8,"minecraft:diamond":6,"minecraft:soul_lantern":1,"minecraft:crossbow":2,"minecraft:granite":21,"minecraft:bone_meal":1,"minecraft:grass":10,"minecraft:bread":26,"minecraft:emerald":32,"minecraft:oak_sapling":65,"minecraft:netherrack":38,"minecraft:crafting_table":3,"minecraft:ladder":3,"minecraft:wooden_pickaxe":1,"minecraft:diorite_slab":65,"gravestone:obituary":14,"minecraft:shield":2,"minecraft:cornflower":1,"minecraft:flint_and_steel":1,"minecraft:glass_pane":12,"minecraft:cracked_stone_bricks":4,"minecraft:cartography_table":1,"minecraft:beef":6,"minecraft:oak_boat":7,"minecraft:jungle_sapling":6,"minecraft:iron_nugget":27,"minecraft:poppy":8,"minecraft:spruce_slab":2,"minecraft:lectern":2,"minecraft:sugar_cane":52,"minecraft:chest":3,"minecraft:spruce_trapdoor":2,"minecraft:raw_iron":13,"minecraft:stone":1,"minecraft:oak_door":4,"minecraft:spruce_fence":6,"minecraft:cookie":559,"minecraft:carrot":10,"minecraft:arrow":580,"minecraft:diamond_chestplate":1,"minecraft:beetroot_seeds":8,"minecraft:rail":22,"minecraft:skeleton_skull":1,"minecraft:white_wool":181,"minecraft:stripped_oak_log":11,"minecraft:golden_carrot":8,"useless_sword:charged_copper_sword":1,"alexsmobs:acacia_blossom":10,"minecraft:ice":23,"alexsmobs:cachalot_whale_tooth":1,"minecraft:oak_log":201,"minecraft:golden_boots":2,"minecraft:yellow_bed":15,"minecraft:gunpowder":2,"minecraft:cobblestone_stairs":12,"chococraft:chocobo_feather":1,"chococraft:gysahl_green":119,"minecraft:apple":40,"minecraft:stone_bricks":3,"chococraft:gold_gysahl":1,"minecraft:warped_stem":10,"minecraft:iron_ingot":57,"minecraft:oak_fence_gate":1,"minecraft:iron_sword":4,"minecraft:acacia_sapling":35,"minecraft:book":41,"minecraft:polished_andesite_stairs":4,"minecraft:sweet_berries":4,"minecraft:quartz":4,"minecraft:dandelion":3,"minecraft:gravel":191,"chococraft:gysahl_green_seeds":47,"minecraft:spruce_sapling":1,"minecraft:white_bed":71,"minecraft:spruce_log":75,"minecraft:spider_eye":3,"minecraft:stone_axe":6,"minecraft:iron_helmet":1,"minecraft:warped_roots":3,"minecraft:baked_potato":203,"minecraft:coal":1},"minecraft:used":{"minecraft:beetroot":2,"minecraft:iron_shovel":175,"minecraft:spruce_slab":2,"minecraft:ladder":3,"minecraft:chest":6,"minecraft:shield":128,"minecraft:stone":1,"minecraft:iron_sword":52,"minecraft:bell":2,"minecraft:rotten_flesh":45,"minecraft:jungle_planks":36,"minecraft:carrot":19,"minecraft:jungle_slab":168,"minecraft:acacia_sapling":4,"minecraft:obsidian":6,"minecraft:spruce_boat":1,"minecraft:lava_bucket":6,"minecraft:stone_bricks":3,"minecraft:golden_sword":18,"minecraft:bow":85,"minecraft:sweet_berries":5,"minecraft:furnace":3,"minecraft:oak_sapling":63,"minecraft:potato":618,"minecraft:golden_boots":1,"minecraft:mossy_stone_bricks":1,"minecraft:diorite":7,"minecraft:stone_pickaxe":555,"minecraft:oak_planks":113,"useless_sword:coal_sword":134,"minecraft:wooden_pickaxe":33,"minecraft:composter":72,"minecraft:diamond_axe":267,"minecraft:sugar_cane":22,"minecraft:jungle_boat":2,"minecraft:cookie":18,"minecraft:glow_berries":6,"minecraft:golden_apple":2,"minecraft:golden_hoe":32,"minecraft:sand":65,"minecraft:crossbow":32,"minecraft:shears":5,"minecraft:bread":37,"minecraft:gravel":16,"minecraft:diamond_sword":285,"minecraft:fire_charge":1,"minecraft:andesite":1,"chococraft:gysahl_green":81,"minecraft:ice":3,"minecraft:oak_boat":13,"minecraft:bone_meal":261,"minecraft:diorite_slab":84,"minecraft:experience_bottle":7,"minecraft:rose_bush":3,"minecraft:stone_sword":191,"minecraft:flint_and_steel":109,"minecraft:stone_shovel":694,"minecraft:spruce_planks":102,"minecraft:stone_hoe":182,"minecraft:netherrack":6,"minecraft:oak_door":1,"minecraft:torch":134,"minecraft:dirt":888,"minecraft:warped_wart_block":11,"minecraft:spruce_stairs":1,"minecraft:golden_shovel":27,"minecraft:granite":2,"minecraft:spruce_fence":47,"minecraft:shroomlight":2,"minecraft:iron_hoe":294,"minecraft:jungle_log":30,"securitycraft:sentry":1,"minecraft:golden_carrot":8,"minecraft:cooked_beef":33,"minecraft:acacia_planks":311,"minecraft:cobbled_deepslate":238,"minecraft:brown_bed":2,"minecraft:calcite":2,"minecraft:water_bucket":13,"minecraft:warped_stem":10,"minecraft:baked_potato":59,"minecraft:cartography_table":1,"minecraft:fletching_table":9,"minecraft:spruce_fence_gate":2,"minecraft:cracked_stone_bricks":4,"minecraft:mossy_cobblestone":28,"minecraft:crafting_table":11,"minecraft:white_bed":114,"minecraft:spruce_log":3,"minecraft:diamond_pickaxe":168,"minecraft:acacia_stairs":12,"minecraft:apple":30,"minecraft:diamond_shovel":1091,"minecraft:iron_pickaxe":510,"minecraft:stone_axe":707,"minecraft:cobblestone":191,"minecraft:porkchop":1,"minecraft:cooked_porkchop":2,"minecraft:bucket":18,"minecraft:glass_pane":73,"minecraft:yellow_bed":15}},"DataVersion":3465}