{"stats":{"minecraft:crafted":{"minecraft:oak_door":3,"minecraft:oak_planks":132,"minecraft:stone_shovel":6,"minecraft:furnace":3,"minecraft:bone_meal":6,"minecraft:glass_pane":80,"minecraft:flint_and_steel":1,"minecraft:glass":30,"minecraft:stone_pickaxe":3,"minecraft:chest":1,"minecraft:oak_slab":36,"minecraft:crafting_table":4,"minecraft:wooden_pickaxe":1,"minecraft:brown_bed":1,"minecraft:bucket":1,"minecraft:acacia_stairs":12,"minecraft:stone_axe":3,"minecraft:air":0,"minecraft:oak_boat":1,"minecraft:charcoal":28,"minecraft:diamond_pickaxe":1,"minecraft:shield":1,"minecraft:stick":24,"minecraft:brown_wool":4,"minecraft:iron_ingot":12,"minecraft:iron_pickaxe":1,"minecraft:stone_sword":1,"minecraft:iron_shovel":1,"minecraft:white_bed":5,"minecraft:composter":5,"minecraft:acacia_planks":396,"minecraft:diorite_slab":54,"minecraft:torch":44,"minecraft:shears":1},"minecraft:broken":{"minecraft:stone_pickaxe":2,"minecraft:shield":1,"minecraft:stone_axe":1,"minecraft:stone_shovel":5},"minecraft:used":{"minecraft:stone_sword":100,"minecraft:iron_shovel":4,"minecraft:flint_and_steel":36,"minecraft:stone_shovel":694,"minecraft:chest":2,"minecraft:shield":32,"minecraft:iron_sword":8,"minecraft:bell":1,"minecraft:rotten_flesh":8,"minecraft:oak_door":1,"minecraft:torch":35,"minecraft:dirt":66,"minecraft:acacia_sapling":4,"minecraft:granite":1,"minecraft:obsidian":5,"minecraft:shroomlight":2,"minecraft:lava_bucket":6,"minecraft:bow":15,"minecraft:oak_sapling":5,"minecraft:furnace":3,"minecraft:cooked_beef":14,"minecraft:acacia_planks":311,"minecraft:cobbled_deepslate":236,"minecraft:brown_bed":1,"minecraft:water_bucket":6,"minecraft:diorite":7,"minecraft:stone_pickaxe":373,"minecraft:oak_planks":36,"minecraft:wooden_pickaxe":30,"minecraft:composter":6,"minecraft:sugar_cane":22,"minecraft:sand":23,"minecraft:crafting_table":5,"minecraft:white_bed":16,"minecraft:shears":2,"minecraft:diamond_pickaxe":17,"minecraft:acacia_stairs":12,"minecraft:apple":2,"minecraft:bread":20,"minecraft:iron_pickaxe":180,"minecraft:gravel":11,"minecraft:stone_axe":262,"minecraft:cobblestone":91,"minecraft:bucket":11,"minecraft:glass_pane":73,"minecraft:yellow_bed":10,"chococraft:gysahl_green":15,"minecraft:oak_boat":1,"minecraft:bone_meal":6,"minecraft:diorite_slab":64},"minecraft:mined":{"minecraft:tuff":8,"minecraft:white_bed":12,"minecraft:mossy_cobblestone":1,"minecraft:deepslate_diamond_ore":6,"minecraft:obsidian":10,"gravestone:gravestone":4,"minecraft:granite":18,"minecraft:acacia_log":137,"minecraft:grass_block":216,"minecraft:composter":1,"minecraft:diorite_slab":6,"minecraft:iron_ore":3,"minecraft:cobbled_deepslate":7,"minecraft:fire":5,"minecraft:andesite":39,"minecraft:bell":1,"chococraft:gysahl_green":7,"minecraft:shroomlight":2,"minecraft:deepslate_iron_ore":9,"minecraft:stripped_oak_log":1,"minecraft:stone":140,"minecraft:glass_pane":1,"minecraft:crimson_nylium":3,"minecraft:dandelion":1,"minecraft:cornflower":1,"minecraft:crafting_table":1,"minecraft:torch":3,"minecraft:nether_quartz_ore":4,"minecraft:tall_grass":6,"minecraft:cobblestone":48,"minecraft:sugar_cane":31,"minecraft:oak_planks":14,"minecraft:diorite":32,"minecraft:wall_torch":1,"minecraft:warped_nylium":5,"minecraft:yellow_bed":10,"minecraft:grass":49,"minecraft:coal_ore":1,"minecraft:oak_log":32,"minecraft:gravel":63,"minecraft:sand":319,"minecraft:dirt":142,"minecraft:acacia_planks":8,"minecraft:netherrack":29,"minecraft:oak_leaves":2,"minecraft:deepslate":199},"minecraft:picked_up":{"chococraft:loverly_gysahl_green":1,"minecraft:crafting_table":2,"minecraft:lead":1,"minecraft:wooden_pickaxe":1,"minecraft:diorite_slab":10,"minecraft:enchanted_book":2,"gravestone:obituary":1,"minecraft:cornflower":1,"minecraft:string":6,"minecraft:shroomlight":2,"minecraft:glass_pane":12,"minecraft:cobbled_deepslate":252,"minecraft:oak_boat":1,"minecraft:poppy":1,"minecraft:lectern":2,"minecraft:sugar_cane":46,"minecraft:chest":1,"minecraft:stick":34,"minecraft:raw_iron":12,"minecraft:oak_door":1,"minecraft:composter":1,"minecraft:torch":10,"minecraft:acacia_log":127,"minecraft:diorite":34,"minecraft:diamond_chestplate":1,"minecraft:arrow":195,"minecraft:rotten_flesh":25,"minecraft:obsidian":10,"minecraft:white_wool":48,"minecraft:cobblestone":195,"minecraft:stripped_oak_log":1,"minecraft:cooked_beef":23,"minecraft:water_bucket":1,"minecraft:andesite":39,"alexsmobs:acacia_blossom":10,"alexsmobs:bison_fur":18,"minecraft:flint":9,"minecraft:tuff":8,"minecraft:oak_log":32,"minecraft:yellow_bed":10,"minecraft:dirt":346,"minecraft:bone":5,"chococraft:gysahl_green":15,"minecraft:acacia_planks":8,"minecraft:apple":2,"minecraft:bow":1,"minecraft:wheat_seeds":15,"minecraft:bell":1,"minecraft:iron_ingot":13,"minecraft:iron_sword":1,"minecraft:oak_planks":111,"minecraft:acacia_sapling":35,"minecraft:book":8,"minecraft:quartz":4,"minecraft:dandelion":1,"minecraft:gravel":51,"minecraft:sand":319,"chococraft:gysahl_green_seeds":7,"minecraft:white_bed":12,"minecraft:spruce_log":64,"minecraft:dark_oak_log":64,"minecraft:spider_eye":2,"minecraft:mossy_cobblestone":1,"minecraft:diamond":6,"minecraft:granite":20,"minecraft:grass":4,"minecraft:bread":16,"minecraft:warped_roots":1,"minecraft:oak_sapling":5,"minecraft:netherrack":32,"minecraft:coal":1},"minecraft:dropped":{"chococraft:loverly_gysahl_green":1,"minecraft:cooked_beef":7,"gravestone:obituary":1,"minecraft:bucket":1,"minecraft:acacia_planks":64,"minecraft:cobbled_deepslate":2,"minecraft:oak_planks":96,"minecraft:wooden_pickaxe":1},"minecraft:custom":{"minecraft:mob_kills":28,"minecraft:interact_with_crafting_table":39,"minecraft:bell_ring":35,"minecraft:leave_game":1,"minecraft:time_since_death":23522,"minecraft:sprint_one_cm":319711,"minecraft:walk_one_cm":549639,"minecraft:damage_blocked_by_shield":2651,"minecraft:drop":18,"minecraft:play_time":214406,"minecraft:deaths":6,"minecraft:sneak_time":24629,"minecraft:walk_under_water_one_cm":33814,"minecraft:boat_one_cm":77580,"minecraft:jump":2737,"minecraft:walk_on_water_one_cm":48478,"minecraft:total_world_time":214406,"minecraft:interact_with_furnace":19,"minecraft:sleep_in_bed":11,"minecraft:time_since_rest":5884,"minecraft:damage_taken":4642,"minecraft:damage_dealt":6142,"minecraft:fly_one_cm":491493,"minecraft:swim_one_cm":31196,"minecraft:open_chest":44,"minecraft:crouch_one_cm":61930,"minecraft:fall_one_cm":59300},"minecraft:killed":{"minecraft:witch":1,"minecraft:spider":3,"minecraft:skeleton":2,"alexsmobs:bison":3,"minecraft:zombie_villager":1,"minecraft:iron_golem":3,"minecraft:creeper":1,"minecraft:zombie":12,"alexsmobs:fly":1}},"DataVersion":3465}