{"stats":{"minecraft:killed":{"minecraft:witch":2,"minecraft:spider":3,"minecraft:skeleton":15,"minecraft:pig":1,"minecraft:zombie_villager":2,"minecraft:iron_golem":13,"minecraft:creeper":2,"minecraft:zombie":90,"alexsmobs:terrapin":1,"minecraft:stray":14,"alexsmobs:fly":1,"minecraft:vex":1,"alexsmobs:raccoon":1,"minecraft:drowned":4,"alexsmobs:bison":4,"minecraft:wandering_trader":1,"alexsmobs:catfish":1,"alexsmobs:crocodile":2,"alexsmobs:crow":1},"minecraft:custom":{"minecraft:animals_bred":6,"minecraft:interact_with_crafting_table":76,"minecraft:open_barrel":6,"minecraft:bell_ring":53,"minecraft:leave_game":9,"minecraft:time_since_death":56206,"minecraft:sprint_one_cm":1080477,"minecraft:damage_blocked_by_shield":5276,"minecraft:drop":400,"minecraft:talked_to_villager":7,"minecraft:play_time":712133,"minecraft:deaths":28,"minecraft:jump":9071,"minecraft:walk_on_water_one_cm":172298,"minecraft:interact_with_furnace":29,"minecraft:traded_with_villager":44,"minecraft:interact_with_cartography_table":1,"minecraft:sleep_in_bed":27,"minecraft:damage_dealt":32540,"minecraft:crouch_one_cm":172318,"minecraft:horse_one_cm":2112,"minecraft:interact_with_anvil":1,"minecraft:mob_kills":163,"minecraft:climb_one_cm":24722,"minecraft:walk_one_cm":1989336,"minecraft:sneak_time":59851,"minecraft:walk_under_water_one_cm":94045,"minecraft:boat_one_cm":280980,"minecraft:total_world_time":712133,"minecraft:time_since_rest":5743,"minecraft:damage_taken":17998,"minecraft:swim_one_cm":81982,"minecraft:fly_one_cm":1687551,"minecraft:open_chest":165,"minecraft:fall_one_cm":193372},"minecraft:killed_by":{"minecraft:zombie":2},"minecraft:crafted":{"minecraft:oak_planks":800,"minecraft:glass":30,"minecraft:chest":2,"minecraft:stone_hoe":2,"minecraft:oak_slab":36,"minecraft:emerald":44,"minecraft:diamond_axe":1,"minecraft:crafting_table":8,"minecraft:spruce_planks":324,"minecraft:jungle_boat":1,"minecraft:wooden_pickaxe":1,"minecraft:baked_potato":30,"minecraft:brown_bed":1,"minecraft:fletching_table":3,"minecraft:dark_oak_slab":126,"minecraft:diamond_pickaxe":1,"minecraft:charcoal":28,"minecraft:shield":3,"minecraft:stick":1476,"minecraft:iron_ingot":14,"minecraft:iron_pickaxe":3,"minecraft:stone_sword":1,"minecraft:composter":23,"minecraft:spruce_fence_gate":2,"minecraft:shears":2,"minecraft:oak_door":3,"minecraft:stone_shovel":6,"minecraft:furnace":3,"minecraft:bone_meal":261,"minecraft:spruce_fence":69,"minecraft:glass_pane":80,"minecraft:flint_and_steel":2,"minecraft:iron_hoe":1,"minecraft:stone_pickaxe":4,"minecraft:dark_oak_planks":256,"minecraft:bucket":1,"minecraft:acacia_stairs":12,"minecraft:stone_axe":15,"minecraft:jungle_slab":252,"minecraft:air":0,"minecraft:jungle_planks":144,"minecraft:oak_boat":6,"minecraft:brown_wool":4,"minecraft:iron_shovel":2,"minecraft:white_bed":48,"minecraft:acacia_planks":396,"minecraft:torch":44,"minecraft:diorite_slab":54},"minecraft:mined":{"minecraft:spruce_planks":5,"minecraft:white_bed":67,"minecraft:oak_sapling":1,"minecraft:jungle_slab":3,"minecraft:cobblestone_stairs":12,"minecraft:obsidian":10,"minecraft:spruce_trapdoor":2,"minecraft:granite":19,"minecraft:acacia_log":137,"minecraft:grass_block":528,"minecraft:jungle_log":93,"minecraft:composter":49,"minecraft:spawner":5,"minecraft:smooth_stone":6,"minecraft:fire":21,"minecraft:sticky_piston":6,"minecraft:iron_ore":3,"minecraft:cobbled_deepslate":22,"minecraft:fletching_table":6,"minecraft:brown_bed":1,"chococraft:gysahl_green":42,"minecraft:dirt_path":48,"minecraft:oak_stairs":14,"minecraft:spruce_slab":2,"minecraft:cyan_terracotta":8,"minecraft:crimson_nylium":3,"minecraft:powder_snow":1,"minecraft:clay":1,"minecraft:torch":4,"minecraft:calcite":9,"minecraft:polished_andesite_stairs":8,"minecraft:nether_quartz_ore":4,"minecraft:cobblestone":236,"minecraft:sugar_cane":34,"minecraft:oak_planks":62,"minecraft:wall_torch":4,"minecraft:skeleton_skull":1,"minecraft:warped_nylium":5,"minecraft:wheat":15,"minecraft:smooth_stone_slab":5,"minecraft:grass":153,"minecraft:oak_log":202,"minecraft:beetroots":2,"minecraft:oak_fence_gate":1,"minecraft:dirt":432,"minecraft:loom":2,"minecraft:sand":324,"structure_gel:dynamic_spawner":1,"minecraft:netherrack":37,"minecraft:oak_leaves":19,"minecraft:deepslate":199,"minecraft:tuff":8,"minecraft:mossy_cobblestone":48,"minecraft:deepslate_diamond_ore":6,"gravestone:gravestone":24,"minecraft:jungle_planks":1,"minecraft:spruce_leaves":24,"minecraft:cartography_table":1,"minecraft:large_fern":4,"minecraft:diorite_slab":60,"minecraft:carrots":2,"minecraft:andesite":42,"minecraft:stripped_spruce_log":22,"minecraft:bell":2,"minecraft:bookshelf":5,"minecraft:vine":3,"minecraft:potatoes":381,"minecraft:shroomlight":51,"minecraft:deepslate_iron_ore":9,"minecraft:warped_stem":10,"minecraft:stripped_oak_log":11,"minecraft:packed_ice":21,"minecraft:bamboo":2,"minecraft:stone":197,"minecraft:podzol":216,"minecraft:light_gray_carpet":1,"minecraft:glass_pane":12,"minecraft:dandelion":4,"minecraft:oak_fence":38,"minecraft:crafting_table":2,"minecraft:cornflower":2,"minecraft:warped_roots":2,"minecraft:rose_bush":3,"minecraft:tall_grass":16,"minecraft:diorite":33,"minecraft:warped_wart_block":63,"minecraft:spruce_stairs":1,"minecraft:coarse_dirt":1,"minecraft:sweet_berry_bush":4,"minecraft:ice":11,"minecraft:spruce_log":11,"minecraft:yellow_bed":15,"minecraft:coal_ore":4,"minecraft:gravel":122,"minecraft:cobweb":6,"minecraft:cracked_stone_bricks":3,"minecraft:terracotta":1,"minecraft:acacia_planks":8,"minecraft:polished_andesite":13,"minecraft:mossy_stone_bricks":1,"minecraft:fern":2},"minecraft:broken":{"minecraft:iron_boots":1,"useless_sword:coal_sword":1,"minecraft:golden_leggings":1,"minecraft:stone_pickaxe":4,"minecraft:stone_axe":3,"minecraft:stone_shovel":5,"minecraft:golden_hoe":1,"minecraft:flint_and_steel":1,"minecraft:leather_chestplate":1,"minecraft:stone_hoe":1,"minecraft:shield":2,"minecraft:iron_pickaxe":1,"minecraft:iron_helmet":1},"minecraft:dropped":{"chococraft:loverly_gysahl_green":4,"minecraft:cooked_beef":11,"minecraft:baked_potato":19,"minecraft:crossbow":1,"minecraft:cookie":46,"minecraft:warped_roots":2,"minecraft:emerald":32,"useless_sword:charged_copper_sword":1,"minecraft:flint":6,"minecraft:cyan_terracotta":2,"minecraft:dirt":31,"gravestone:obituary":18,"minecraft:sand":64,"minecraft:dark_oak_planks":1,"minecraft:armor_stand":1,"minecraft:gravel":73,"minecraft:iron_nugget":9,"minecraft:golden_chestplate":1,"minecraft:cobbled_deepslate":2,"minecraft:rotten_flesh":5,"securitycraft:taser":1,"minecraft:oak_planks":96,"minecraft:white_bed":4,"alexsmobs:cachalot_whale_tooth":1,"minecraft:tipped_arrow":7,"minecraft:chainmail_boots":1,"securitycraft:camera_monitor":1,"minecraft:arrow":25,"minecraft:stone_brick_stairs":1,"minecraft:golden_boots":1,"minecraft:stripped_spruce_log":1,"minecraft:wheat_seeds":3,"chococraft:gold_gysahl":1,"minecraft:poisonous_potato":2,"minecraft:cobblestone":11,"minecraft:apple":10,"chococraft:gysahl_green_seeds":21,"minecraft:stick":15,"minecraft:diorite":1,"minecraft:ink_sac":10,"minecraft:string":2,"minecraft:bucket":1,"minecraft:acacia_planks":64,"minecraft:spruce_sapling":1,"minecraft:stone_sword":1,"chococraft:chocobo_feather":1,"minecraft:sticky_piston":6,"minecraft:diamond_sword":1,"minecraft:filled_map":1,"minecraft:potato":234,"minecraft:spruce_planks":16,"minecraft:oak_sapling":1,"minecraft:wooden_pickaxe":1,"minecraft:calcite":4,"chococraft:gysahl_green":38},"minecraft:picked_up":{"chococraft:loverly_gysahl_green":4,"minecraft:wheat":15,"minecraft:chainmail_boots":1,"securitycraft:taser":2,"minecraft:lead":5,"minecraft:oak_stairs":9,"minecraft:brown_bed":1,"minecraft:enchanted_book":2,"minecraft:potion":1,"minecraft:stone_brick_stairs":1,"minecraft:golden_sword":3,"minecraft:string":16,"minecraft:armor_stand":1,"minecraft:sticky_piston":6,"minecraft:shroomlight":50,"minecraft:beetroot":2,"minecraft:smooth_stone":6,"minecraft:cobbled_deepslate":260,"minecraft:spruce_planks":3,"minecraft:rose_bush":7,"minecraft:calcite":5,"minecraft:iron_boots":1,"minecraft:tipped_arrow":8,"minecraft:stick":102,"minecraft:composter":49,"minecraft:oak_fence":36,"minecraft:torch":57,"minecraft:acacia_log":127,"minecraft:spruce_stairs":1,"securitycraft:camera_monitor":1,"minecraft:porkchop":1,"minecraft:diorite":42,"minecraft:golden_chestplate":1,"minecraft:stone_sword":1,"minecraft:rotten_flesh":97,"useless_sword:coal_sword":1,"minecraft:cyan_terracotta":2,"minecraft:obsidian":10,"minecraft:cobblestone":403,"minecraft:leather_chestplate":1,"minecraft:cooked_beef":43,"minecraft:andesite":40,"minecraft:water_bucket":1,"minecraft:jungle_log":75,"minecraft:golden_leggings":1,"minecraft:potato":1287,"alexsmobs:bison_fur":18,"minecraft:flint":18,"minecraft:tuff":8,"minecraft:dirt":1190,"securitycraft:sentry":1,"minecraft:bone":50,"minecraft:acacia_planks":8,"minecraft:bow":1,"minecraft:wheat_seeds":76,"minecraft:bell":3,"minecraft:fletching_table":6,"minecraft:bamboo":23,"minecraft:oak_planks":142,"minecraft:cooked_porkchop":3,"minecraft:warped_wart_block":56,"minecraft:poisonous_potato":4,"minecraft:jungle_planks":1,"minecraft:sand":385,"minecraft:stripped_spruce_log":15,"minecraft:ink_sac":21,"minecraft:loom":2,"minecraft:jungle_slab":5,"minecraft:dark_oak_log":64,"minecraft:mossy_cobblestone":41,"minecraft:polished_andesite":7,"minecraft:diamond":6,"minecraft:soul_lantern":1,"minecraft:crossbow":2,"minecraft:granite":21,"minecraft:bone_meal":1,"minecraft:grass":10,"minecraft:bread":26,"minecraft:emerald":32,"minecraft:oak_sapling":65,"minecraft:netherrack":38,"minecraft:crafting_table":3,"minecraft:ladder":3,"minecraft:wooden_pickaxe":1,"minecraft:diorite_slab":65,"gravestone:obituary":14,"minecraft:shield":2,"minecraft:cornflower":1,"minecraft:flint_and_steel":1,"minecraft:glass_pane":12,"minecraft:cracked_stone_bricks":3,"minecraft:cartography_table":1,"minecraft:oak_boat":4,"minecraft:jungle_sapling":6,"minecraft:iron_nugget":27,"minecraft:poppy":8,"minecraft:spruce_slab":1,"minecraft:lectern":2,"minecraft:sugar_cane":52,"minecraft:chest":3,"minecraft:spruce_trapdoor":2,"minecraft:raw_iron":12,"minecraft:oak_door":4,"minecraft:cookie":559,"minecraft:carrot":10,"minecraft:arrow":566,"minecraft:diamond_chestplate":1,"minecraft:beetroot_seeds":8,"minecraft:rail":1,"minecraft:skeleton_skull":1,"minecraft:white_wool":181,"minecraft:stripped_oak_log":11,"minecraft:golden_carrot":8,"useless_sword:charged_copper_sword":1,"alexsmobs:acacia_blossom":10,"minecraft:ice":22,"alexsmobs:cachalot_whale_tooth":1,"minecraft:oak_log":200,"minecraft:golden_boots":1,"minecraft:yellow_bed":15,"minecraft:gunpowder":1,"minecraft:cobblestone_stairs":12,"chococraft:chocobo_feather":1,"chococraft:gysahl_green":119,"minecraft:apple":40,"chococraft:gold_gysahl":1,"minecraft:warped_stem":10,"minecraft:oak_fence_gate":1,"minecraft:iron_ingot":57,"minecraft:iron_sword":3,"minecraft:acacia_sapling":35,"minecraft:book":23,"minecraft:polished_andesite_stairs":4,"minecraft:sweet_berries":4,"minecraft:quartz":4,"minecraft:dandelion":3,"minecraft:gravel":179,"chococraft:gysahl_green_seeds":47,"minecraft:spruce_sapling":1,"minecraft:white_bed":71,"minecraft:spruce_log":74,"minecraft:spider_eye":2,"minecraft:stone_axe":6,"minecraft:iron_helmet":1,"minecraft:warped_roots":3,"minecraft:baked_potato":12,"minecraft:coal":1},"minecraft:used":{"minecraft:beetroot":2,"minecraft:iron_shovel":175,"minecraft:spruce_slab":1,"minecraft:ladder":3,"minecraft:chest":6,"minecraft:shield":81,"minecraft:iron_sword":52,"minecraft:bell":2,"minecraft:rotten_flesh":37,"minecraft:jungle_planks":1,"minecraft:carrot":19,"minecraft:jungle_slab":168,"minecraft:acacia_sapling":4,"minecraft:obsidian":6,"minecraft:lava_bucket":6,"minecraft:golden_sword":18,"minecraft:bow":69,"minecraft:sweet_berries":5,"minecraft:furnace":3,"minecraft:oak_sapling":63,"minecraft:potato":618,"minecraft:diorite":7,"minecraft:stone_pickaxe":516,"minecraft:oak_planks":70,"useless_sword:coal_sword":134,"minecraft:wooden_pickaxe":30,"minecraft:composter":72,"minecraft:diamond_axe":190,"minecraft:sugar_cane":22,"minecraft:jungle_boat":1,"minecraft:cookie":18,"minecraft:golden_apple":1,"minecraft:golden_hoe":32,"minecraft:sand":65,"minecraft:crossbow":32,"minecraft:shears":5,"minecraft:bread":36,"minecraft:gravel":16,"minecraft:diamond_sword":261,"minecraft:fire_charge":1,"minecraft:ice":3,"chococraft:gysahl_green":81,"minecraft:oak_boat":9,"minecraft:bone_meal":261,"minecraft:diorite_slab":84,"minecraft:experience_bottle":3,"minecraft:rose_bush":3,"minecraft:stone_sword":191,"minecraft:flint_and_steel":100,"minecraft:stone_shovel":694,"minecraft:spruce_planks":102,"minecraft:stone_hoe":182,"minecraft:netherrack":6,"minecraft:oak_door":1,"minecraft:torch":94,"minecraft:dirt":888,"minecraft:warped_wart_block":11,"minecraft:spruce_stairs":1,"minecraft:golden_shovel":27,"minecraft:spruce_fence":46,"minecraft:granite":2,"minecraft:shroomlight":2,"minecraft:iron_hoe":294,"minecraft:jungle_log":30,"securitycraft:sentry":1,"minecraft:golden_carrot":8,"minecraft:cooked_beef":33,"minecraft:acacia_planks":311,"minecraft:cobbled_deepslate":237,"minecraft:brown_bed":2,"minecraft:calcite":1,"minecraft:water_bucket":13,"minecraft:warped_stem":10,"minecraft:baked_potato":22,"minecraft:cartography_table":1,"minecraft:fletching_table":9,"minecraft:spruce_fence_gate":2,"minecraft:cracked_stone_bricks":3,"minecraft:mossy_cobblestone":28,"minecraft:crafting_table":10,"minecraft:white_bed":114,"minecraft:spruce_log":3,"minecraft:acacia_stairs":12,"minecraft:diamond_pickaxe":65,"minecraft:apple":30,"minecraft:diamond_shovel":1084,"minecraft:iron_pickaxe":510,"minecraft:stone_axe":707,"minecraft:cobblestone":191,"minecraft:porkchop":1,"minecraft:cooked_porkchop":2,"minecraft:bucket":18,"minecraft:glass_pane":73,"minecraft:yellow_bed":15}},"DataVersion":3465}