{"stats":{"minecraft:custom":{"minecraft:time_since_rest":6100,"minecraft:open_chest":1,"minecraft:play_time":6100,"minecraft:sprint_one_cm":18767,"minecraft:damage_taken":100,"minecraft:walk_one_cm":20920,"minecraft:walk_under_water_one_cm":1466,"minecraft:boat_one_cm":46575,"minecraft:jump":175,"minecraft:time_since_death":6100,"minecraft:walk_on_water_one_cm":411,"minecraft:total_world_time":6100,"minecraft:interact_with_crafting_table":1,"minecraft:fall_one_cm":5535,"minecraft:fly_one_cm":31677},"minecraft:crafted":{"minecraft:acacia_planks":16,"minecraft:crafting_table":1,"minecraft:acacia_boat":1},"minecraft:mined":{"minecraft:grass":1,"minecraft:acacia_log":4,"chococraft:gysahl_green":5},"minecraft:picked_up":{"chococraft:gysahl_green":16,"chococraft:gold_gysahl":1,"minecraft:acacia_log":4,"chococraft:gysahl_green_seeds":4},"minecraft:used":{"minecraft:acacia_boat":1,"minecraft:crafting_table":1,"alexsmobs:animal_dictionary":1}},"DataVersion":3465}