{"stats":{"minecraft:killed":{"minecraft:cow":4},"minecraft:custom":{"minecraft:time_since_rest":30918,"minecraft:sprint_one_cm":77296,"minecraft:damage_taken":610,"minecraft:walk_one_cm":116842,"minecraft:mob_kills":4,"minecraft:damage_dealt":403,"minecraft:interact_with_crafting_table":6,"minecraft:swim_one_cm":1949,"minecraft:talked_to_villager":1,"minecraft:fly_one_cm":144426,"minecraft:open_chest":6,"minecraft:play_time":30918,"minecraft:sneak_time":1,"minecraft:walk_under_water_one_cm":2999,"minecraft:boat_one_cm":46575,"minecraft:jump":681,"minecraft:time_since_death":30918,"minecraft:walk_on_water_one_cm":7379,"minecraft:total_world_time":30918,"minecraft:fall_one_cm":19125},"minecraft:mined":{"minecraft:birch_log":311,"minecraft:crafting_table":1,"minecraft:grass":6,"minecraft:acacia_log":4,"chococraft:gysahl_green":5,"minecraft:oak_log":6,"minecraft:stone":15},"minecraft:crafted":{"minecraft:oak_planks":24,"minecraft:crafting_table":2,"minecraft:stick":8,"minecraft:wooden_pickaxe":1,"minecraft:stone_pickaxe":1,"minecraft:wooden_axe":1,"minecraft:acacia_planks":16,"minecraft:stone_axe":4,"minecraft:acacia_boat":1},"minecraft:broken":{"minecraft:wooden_axe":1,"minecraft:stone_axe":2},"minecraft:used":{"minecraft:wooden_axe":61,"minecraft:acacia_boat":1,"minecraft:baked_potato":7,"minecraft:wooden_pickaxe":15,"minecraft:stone_axe":304,"minecraft:crafting_table":3,"chococraft:gysahl_green":16,"alexsmobs:animal_dictionary":1,"minecraft:acacia_planks":2},"minecraft:picked_up":{"minecraft:birch_log":306,"minecraft:golden_helmet":1,"minecraft:crafting_table":1,"minecraft:stick":50,"minecraft:iron_chestplate":1,"minecraft:leather":6,"minecraft:acacia_log":4,"minecraft:oak_log":6,"chococraft:gysahl_green_seeds":4,"minecraft:iron_leggings":2,"chococraft:gysahl_green":16,"chococraft:gold_gysahl":1,"useless_sword:lapis_lazuli_sword":1,"minecraft:beef":10,"minecraft:baked_potato":7,"minecraft:oak_sapling":4,"minecraft:birch_sapling":74,"minecraft:cobblestone":15,"minecraft:egg":1}},"DataVersion":3465}