{"stats":{"minecraft:killed":{"minecraft:witch":1,"alexsmobs:raccoon":5,"minecraft:spider":20,"minecraft:slime":3,"minecraft:horse":4,"minecraft:skeleton":33,"minecraft:chicken":1,"alexsmobs:bison":1,"alexsmobs:kangaroo":1,"minecraft:pig":10,"minecraft:zombie_villager":1,"minecraft:iron_golem":1,"alexsmobs:rhinoceros":1,"minecraft:creeper":26,"alexsmobs:cockroach":1,"minecraft:zombie":56,"alexsmobs:gazelle":4,"creeperoverhaul:savannah_creeper":1,"minecraft:enderman":2},"minecraft:custom":{"minecraft:interact_with_anvil":1,"minecraft:mob_kills":178,"minecraft:interact_with_crafting_table":89,"goblintraders:trade_with_goblin":65,"minecraft:leave_game":7,"minecraft:time_since_death":134003,"minecraft:sprint_one_cm":904524,"minecraft:walk_one_cm":1090272,"minecraft:damage_blocked_by_shield":2993,"minecraft:drop":96,"minecraft:talked_to_villager":30,"minecraft:play_time":503018,"minecraft:deaths":5,"minecraft:sneak_time":6559,"minecraft:walk_under_water_one_cm":79191,"minecraft:boat_one_cm":18540,"minecraft:jump":6564,"minecraft:walk_on_water_one_cm":82778,"minecraft:total_world_time":503018,"minecraft:interact_with_furnace":103,"minecraft:traded_with_villager":226,"minecraft:sleep_in_bed":15,"minecraft:time_since_rest":10564,"minecraft:damage_taken":6291,"minecraft:damage_dealt":32213,"minecraft:swim_one_cm":49880,"minecraft:fly_one_cm":1519485,"minecraft:open_chest":168,"minecraft:crouch_one_cm":27581,"minecraft:interact_with_smoker":29,"minecraft:fall_one_cm":161226,"minecraft:horse_one_cm":944},"minecraft:killed_by":{"alexsmobs:crocodile":1},"minecraft:mined":{"minecraft:large_amethyst_bud":1,"minecraft:tuff":8,"minecraft:white_bed":2,"minecraft:oak_sapling":12,"minecraft:deepslate_diamond_ore":13,"gravestone:gravestone":5,"minecraft:granite":10,"minecraft:acacia_log":11,"minecraft:grass_block":201,"minecraft:hay_block":14,"minecraft:redstone_ore":5,"minecraft:furnace":5,"minecraft:iron_ore":104,"minecraft:fire":9,"minecraft:andesite":19,"minecraft:deepslate_lapis_ore":22,"chococraft:gysahl_green":47,"minecraft:potatoes":42,"minecraft:deepslate_iron_ore":48,"minecraft:small_amethyst_bud":1,"minecraft:stripped_oak_log":12,"minecraft:stone":243,"minecraft:deepslate_redstone_ore":11,"minecraft:oak_slab":14,"minecraft:glass_pane":1,"minecraft:medium_amethyst_bud":1,"minecraft:amethyst_cluster":3,"minecraft:oak_fence":4,"minecraft:crafting_table":7,"minecraft:torch":6,"minecraft:chest":2,"minecraft:copper_ore":9,"minecraft:tall_grass":8,"minecraft:cobblestone":13,"minecraft:deepslate_coal_ore":7,"minecraft:deepslate_gold_ore":30,"minecraft:lapis_ore":8,"minecraft:sugar_cane":37,"minecraft:oak_planks":4,"minecraft:diorite":27,"minecraft:wall_torch":2,"minecraft:amethyst_block":1,"minecraft:deepslate_copper_ore":9,"minecraft:grass":185,"minecraft:oak_log":948,"minecraft:coal_ore":200,"minecraft:gravel":1,"minecraft:dirt":9,"minecraft:smooth_basalt":1,"minecraft:oak_leaves":19,"minecraft:deepslate":199},"minecraft:crafted":{"useless_sword:emerald_stick":2,"minecraft:oak_door":3,"minecraft:oak_planks":3044,"minecraft:coal":1,"minecraft:iron_nugget":45,"minecraft:cooked_chicken":1,"minecraft:furnace":11,"minecraft:bone_meal":96,"minecraft:cooked_mutton":1,"minecraft:lantern":5,"minecraft:bow":4,"minecraft:iron_boots":1,"chococraft:choco_disguise_leggings":1,"minecraft:iron_axe":4,"minecraft:iron_hoe":1,"minecraft:stone_pickaxe":2,"minecraft:chest":9,"minecraft:oak_button":22,"useless_sword:copper_sword":1,"minecraft:oak_fence":141,"useless_sword:amethyst_sword":1,"minecraft:smoker":3,"minecraft:wheat":126,"minecraft:cooked_beef":6,"minecraft:coal_block":1,"minecraft:oak_slab":258,"minecraft:crossbow":2,"minecraft:arrow":1168,"minecraft:emerald":147,"minecraft:cooked_porkchop":16,"minecraft:crafting_table":5,"chococraft:choco_disguise_boots":1,"minecraft:baked_potato":47,"minecraft:wooden_pickaxe":1,"minecraft:iron_helmet":1,"alexsmobs:cooked_kangaroo_meat":2,"minecraft:copper_ingot":82,"minecraft:bucket":2,"minecraft:stone_axe":2,"minecraft:bread":42,"minecraft:air":0,"useless_sword:coal_sword":1,"minecraft:oak_fence_gate":2,"minecraft:oak_boat":1,"minecraft:iron_chestplate":1,"minecraft:diamond_pickaxe":1,"minecraft:shield":2,"minecraft:stick":4731,"minecraft:iron_ingot":159,"minecraft:iron_pickaxe":3,"minecraft:iron_shovel":1,"minecraft:wooden_axe":1,"minecraft:stone_sword":2,"minecraft:iron_block":3,"minecraft:iron_leggings":1,"minecraft:gold_ingot":18,"chococraft:chocobo_saddle":2,"useless_sword:lapis_lazuli_sword":2,"minecraft:anvil":1,"minecraft:acacia_planks":64,"minecraft:torch":480,"chococraft:choco_disguise_helmet":1,"minecraft:lapis_block":4},"minecraft:broken":{"minecraft:wooden_pickaxe":1,"minecraft:stone_pickaxe":2,"minecraft:iron_axe":3,"minecraft:stone_axe":1,"minecraft:iron_pickaxe":1,"minecraft:wooden_axe":1},"minecraft:dropped":{"minecraft:bread":17,"minecraft:wheat_seeds":5,"minecraft:cooked_beef":2,"minecraft:cooked_porkchop":3,"minecraft:crossbow":1,"minecraft:cobblestone":20,"minecraft:iron_helmet":2,"minecraft:granite":2,"useless_sword:charged_copper_sword":1,"minecraft:stick":2,"minecraft:emerald":32,"minecraft:dirt":19,"minecraft:diorite":16,"minecraft:iron_axe":1,"gravestone:obituary":9,"minecraft:iron_pickaxe":4,"minecraft:string":3,"minecraft:dandelion":2,"minecraft:gravel":6,"minecraft:stone_axe":1,"minecraft:stone_sword":2,"minecraft:cobbled_deepslate":77,"minecraft:rotten_flesh":9,"minecraft:oak_planks":322,"minecraft:iron_boots":1,"minecraft:chainmail_chestplate":1,"minecraft:poppy":2,"minecraft:potato":1,"minecraft:shield":1,"useless_sword:coal_sword":1,"minecraft:gunpowder":4,"minecraft:andesite":15,"minecraft:golden_leggings":2,"minecraft:chainmail_boots":2,"minecraft:arrow":368,"minecraft:bow":1,"minecraft:wooden_pickaxe":2},"minecraft:picked_up":{"chococraft:loverly_gysahl_green":5,"minecraft:crafting_table":7,"minecraft:chainmail_boots":2,"minecraft:chicken":1,"minecraft:wooden_pickaxe":1,"gravestone:obituary":6,"alexsmobs:gazelle_horn":1,"minecraft:string":19,"minecraft:raw_copper":57,"minecraft:iron_axe":1,"minecraft:cobbled_deepslate":166,"minecraft:beef":6,"minecraft:oak_boat":2,"minecraft:poppy":2,"minecraft:iron_pickaxe":3,"alexsmobs:raccoon_tail":1,"minecraft:sugar_cane":71,"minecraft:chest":2,"minecraft:furnace":5,"minecraft:raw_iron":148,"minecraft:stick":150,"minecraft:oak_door":2,"minecraft:copper_ingot":3,"minecraft:oak_fence":4,"minecraft:torch":9,"minecraft:acacia_log":16,"minecraft:porkchop":16,"minecraft:diorite":22,"minecraft:redstone":65,"alexsmobs:centipede_leg":2,"minecraft:arrow":29,"minecraft:stone_sword":2,"minecraft:rotten_flesh":41,"minecraft:hay_block":14,"minecraft:mutton":1,"alexsmobs:kangaroo_meat":2,"minecraft:cobblestone":264,"minecraft:stripped_oak_log":12,"minecraft:cooked_beef":7,"minecraft:andesite":19,"useless_sword:charged_copper_sword":1,"minecraft:leather":4,"minecraft:golden_leggings":1,"alexsmobs:acacia_blossom":2,"minecraft:potato":156,"alexsmobs:bison_fur":2,"minecraft:tuff":8,"minecraft:oak_log":918,"minecraft:chainmail_chestplate":2,"minecraft:gunpowder":25,"minecraft:lapis_lazuli":166,"minecraft:dirt":267,"chococraft:chocobo_feather":22,"minecraft:bone":30,"chococraft:gysahl_green":145,"minecraft:apple":27,"chococraft:gold_gysahl":3,"minecraft:bow":1,"minecraft:wheat_seeds":32,"minecraft:raw_gold":30,"minecraft:iron_ingot":1,"minecraft:oak_planks":469,"minecraft:acacia_sapling":9,"minecraft:oak_slab":21,"minecraft:cooked_porkchop":3,"minecraft:dandelion":2,"minecraft:gravel":7,"minecraft:amethyst_shard":12,"chococraft:gysahl_green_seeds":46,"minecraft:white_bed":3,"minecraft:spider_eye":5,"alexsmobs:kangaroo_hide":2,"minecraft:sugar":2,"minecraft:slime_ball":1,"minecraft:diamond":13,"minecraft:iron_helmet":1,"minecraft:granite":5,"minecraft:bread":1,"minecraft:emerald":32,"minecraft:oak_sapling":254,"minecraft:coal":288,"minecraft:ender_pearl":1},"minecraft:used":{"minecraft:oak_fence":28,"minecraft:stone_sword":19,"minecraft:iron_shovel":31,"useless_sword:lapis_lazuli_sword":91,"minecraft:chest":11,"minecraft:shield":42,"minecraft:cooked_chicken":1,"minecraft:oak_door":4,"minecraft:torch":472,"minecraft:dirt":142,"minecraft:anvil":1,"alexsmobs:cooked_kangaroo_meat":2,"minecraft:granite":1,"minecraft:oak_fence_gate":2,"minecraft:iron_hoe":66,"minecraft:wooden_axe":69,"minecraft:lava_bucket":1,"minecraft:lantern":5,"minecraft:iron_axe":849,"minecraft:bow":2,"minecraft:furnace":13,"minecraft:oak_sapling":259,"minecraft:cooked_beef":8,"minecraft:potato":138,"minecraft:acacia_planks":19,"minecraft:cobbled_deepslate":64,"minecraft:cooked_mutton":1,"minecraft:water_bucket":4,"minecraft:diorite":4,"minecraft:baked_potato":1,"minecraft:stone_pickaxe":262,"minecraft:oak_planks":189,"minecraft:wooden_pickaxe":40,"minecraft:sugar_cane":71,"useless_sword:charged_copper_sword":303,"minecraft:oak_slab":251,"minecraft:crafting_table":11,"minecraft:crossbow":30,"minecraft:white_bed":3,"minecraft:smoker":3,"useless_sword:amethyst_sword":28,"minecraft:oak_log":14,"chococraft:gysahl_green_seeds":41,"minecraft:bread":49,"minecraft:oak_button":22,"minecraft:iron_pickaxe":703,"useless_sword:copper_sword":149,"minecraft:stone_axe":241,"minecraft:cobblestone":98,"minecraft:bucket":6,"minecraft:cooked_porkchop":16,"minecraft:andesite":1,"chococraft:gysahl_green":102,"alexsmobs:animal_dictionary":2,"minecraft:oak_boat":3,"minecraft:bone_meal":72}},"DataVersion":3465}