{"stats":{"minecraft:killed_by":{"alexsmobs:crocodile":1},"minecraft:crafted":{"minecraft:oak_door":3,"minecraft:oak_planks":876,"minecraft:furnace":2,"minecraft:cooked_mutton":1,"minecraft:bow":1,"minecraft:iron_boots":1,"minecraft:stone_pickaxe":2,"minecraft:chest":4,"useless_sword:copper_sword":1,"minecraft:wheat":126,"minecraft:coal_block":1,"minecraft:arrow":416,"minecraft:emerald":28,"minecraft:crafting_table":3,"minecraft:iron_helmet":1,"minecraft:wooden_pickaxe":1,"alexsmobs:cooked_kangaroo_meat":2,"minecraft:copper_ingot":6,"minecraft:stone_axe":2,"minecraft:bread":42,"minecraft:air":0,"useless_sword:coal_sword":1,"minecraft:oak_boat":1,"minecraft:iron_chestplate":1,"minecraft:diamond_pickaxe":1,"minecraft:shield":1,"minecraft:stick":895,"minecraft:iron_ingot":29,"minecraft:iron_pickaxe":1,"minecraft:wooden_axe":1,"minecraft:stone_sword":2,"minecraft:iron_leggings":1,"chococraft:chocobo_saddle":2,"minecraft:acacia_planks":64,"minecraft:torch":184},"minecraft:broken":{"minecraft:wooden_pickaxe":1,"minecraft:stone_pickaxe":2,"minecraft:stone_axe":1,"minecraft:wooden_axe":1},"minecraft:mined":{"minecraft:white_bed":2,"minecraft:deepslate_diamond_ore":6,"minecraft:granite":3,"gravestone:gravestone":3,"minecraft:acacia_log":11,"minecraft:grass_block":5,"minecraft:hay_block":14,"minecraft:furnace":4,"minecraft:iron_ore":31,"minecraft:fire":5,"minecraft:andesite":16,"chococraft:gysahl_green":11,"minecraft:stone":174,"minecraft:glass_pane":1,"minecraft:crafting_table":5,"minecraft:torch":1,"minecraft:chest":2,"minecraft:tall_grass":2,"minecraft:copper_ore":3,"minecraft:cobblestone":7,"minecraft:oak_planks":1,"minecraft:sugar_cane":6,"minecraft:diorite":21,"minecraft:wall_torch":1,"minecraft:grass":83,"minecraft:oak_log":222,"minecraft:coal_ore":67,"minecraft:dirt":1,"minecraft:oak_leaves":6,"minecraft:deepslate":3},"minecraft:used":{"minecraft:stone_sword":19,"minecraft:chest":4,"minecraft:shield":2,"minecraft:oak_door":2,"minecraft:torch":187,"alexsmobs:cooked_kangaroo_meat":2,"minecraft:granite":1,"minecraft:wooden_axe":69,"minecraft:bow":2,"minecraft:oak_sapling":89,"minecraft:furnace":6,"minecraft:cooked_beef":4,"minecraft:potato":11,"minecraft:acacia_planks":19,"minecraft:cooked_mutton":1,"minecraft:diorite":4,"minecraft:stone_pickaxe":262,"minecraft:oak_planks":109,"minecraft:wooden_pickaxe":40,"minecraft:sugar_cane":4,"minecraft:crafting_table":7,"minecraft:white_bed":2,"chococraft:gysahl_green_seeds":7,"minecraft:bread":26,"minecraft:iron_pickaxe":34,"useless_sword:copper_sword":104,"minecraft:stone_axe":241,"minecraft:cobblestone":78,"minecraft:andesite":1,"chococraft:gysahl_green":4,"alexsmobs:animal_dictionary":2,"minecraft:oak_boat":3},"minecraft:picked_up":{"chococraft:loverly_gysahl_green":2,"minecraft:crafting_table":5,"gravestone:obituary":2,"alexsmobs:gazelle_horn":1,"minecraft:string":8,"minecraft:raw_copper":9,"minecraft:cobbled_deepslate":3,"minecraft:oak_boat":2,"minecraft:sugar_cane":10,"minecraft:chest":2,"minecraft:furnace":4,"minecraft:stick":69,"minecraft:raw_iron":29,"minecraft:copper_ingot":3,"minecraft:torch":3,"minecraft:acacia_log":16,"minecraft:porkchop":9,"minecraft:diorite":20,"minecraft:stone_sword":2,"minecraft:arrow":7,"minecraft:rotten_flesh":5,"minecraft:hay_block":14,"minecraft:mutton":1,"alexsmobs:kangaroo_meat":2,"minecraft:cobblestone":175,"minecraft:cooked_beef":7,"minecraft:andesite":16,"minecraft:leather":2,"alexsmobs:acacia_blossom":2,"minecraft:oak_log":219,"minecraft:gunpowder":6,"minecraft:dirt":20,"chococraft:chocobo_feather":4,"minecraft:bone":7,"chococraft:gysahl_green":29,"minecraft:apple":12,"chococraft:gold_gysahl":1,"minecraft:bow":1,"minecraft:wheat_seeds":12,"minecraft:oak_planks":1,"minecraft:acacia_sapling":9,"minecraft:dandelion":2,"chococraft:gysahl_green_seeds":11,"minecraft:white_bed":2,"minecraft:spider_eye":3,"alexsmobs:kangaroo_hide":2,"minecraft:diamond":6,"minecraft:granite":3,"minecraft:oak_sapling":84,"minecraft:coal":148},"minecraft:dropped":{"minecraft:stick":1,"minecraft:diorite":16,"gravestone:obituary":2,"minecraft:dandelion":1,"minecraft:stone_sword":2,"minecraft:andesite":15},"minecraft:custom":{"minecraft:mob_kills":47,"minecraft:interact_with_crafting_table":42,"minecraft:leave_game":5,"minecraft:time_since_death":15583,"minecraft:sprint_one_cm":367167,"minecraft:walk_one_cm":368254,"minecraft:damage_blocked_by_shield":135,"minecraft:drop":8,"minecraft:talked_to_villager":15,"minecraft:play_time":230972,"minecraft:deaths":4,"minecraft:sneak_time":2054,"minecraft:walk_under_water_one_cm":39589,"minecraft:boat_one_cm":18540,"minecraft:jump":2755,"minecraft:walk_on_water_one_cm":47379,"minecraft:total_world_time":230972,"minecraft:interact_with_furnace":29,"minecraft:traded_with_villager":55,"minecraft:sleep_in_bed":6,"minecraft:time_since_rest":70,"minecraft:damage_taken":2778,"minecraft:damage_dealt":8515,"minecraft:swim_one_cm":45764,"minecraft:fly_one_cm":678132,"minecraft:open_chest":40,"minecraft:crouch_one_cm":6368,"minecraft:fall_one_cm":76764},"minecraft:killed":{"alexsmobs:raccoon":1,"minecraft:spider":7,"minecraft:skeleton":10,"minecraft:horse":1,"alexsmobs:kangaroo":1,"minecraft:pig":5,"alexsmobs:rhinoceros":1,"minecraft:creeper":6,"minecraft:zombie":7,"alexsmobs:gazelle":4,"creeperoverhaul:savannah_creeper":1}},"DataVersion":3465}