{"stats":{"minecraft:killed":{"minecraft:witch":1,"alexsmobs:raccoon":5,"minecraft:spider":21,"minecraft:slime":3,"minecraft:horse":5,"minecraft:skeleton":40,"minecraft:chicken":1,"alexsmobs:bison":1,"minecraft:skeleton_horse":1,"alexsmobs:kangaroo":1,"minecraft:pig":11,"minecraft:zombie_villager":1,"minecraft:iron_golem":1,"alexsmobs:rhinoceros":1,"minecraft:creeper":27,"alexsmobs:cockroach":1,"minecraft:zombie":58,"alexsmobs:terrapin":1,"alexsmobs:gazelle":4,"minecraft:glow_squid":1,"creeperoverhaul:savannah_creeper":1,"minecraft:enderman":2},"minecraft:custom":{"minecraft:interact_with_anvil":1,"minecraft:mob_kills":196,"minecraft:interact_with_crafting_table":92,"goblintraders:trade_with_goblin":65,"minecraft:leave_game":7,"minecraft:time_since_death":3729,"minecraft:climb_one_cm":2077,"minecraft:sprint_one_cm":1156628,"minecraft:walk_one_cm":1310354,"minecraft:damage_blocked_by_shield":5228,"minecraft:drop":124,"minecraft:talked_to_villager":31,"minecraft:play_time":581434,"minecraft:deaths":11,"minecraft:sneak_time":7400,"minecraft:walk_under_water_one_cm":113091,"minecraft:boat_one_cm":18540,"minecraft:jump":8262,"minecraft:walk_on_water_one_cm":125585,"minecraft:total_world_time":581434,"minecraft:interact_with_furnace":114,"minecraft:traded_with_villager":226,"minecraft:sleep_in_bed":15,"minecraft:time_since_rest":3754,"minecraft:damage_taken":9043,"minecraft:damage_dealt":36099,"minecraft:player_kills":2,"minecraft:swim_one_cm":110829,"minecraft:fly_one_cm":1888632,"minecraft:open_chest":205,"minecraft:crouch_one_cm":28241,"minecraft:interact_with_smoker":29,"minecraft:fall_one_cm":199311,"minecraft:horse_one_cm":25095},"minecraft:killed_by":{"minecraft:player":3,"alexsmobs:crocodile":1},"minecraft:mined":{"minecraft:large_amethyst_bud":1,"minecraft:tuff":8,"minecraft:white_bed":2,"minecraft:oak_sapling":12,"minecraft:deepslate_diamond_ore":16,"minecraft:obsidian":4,"gravestone:gravestone":11,"minecraft:granite":18,"minecraft:acacia_log":11,"minecraft:grass_block":203,"minecraft:hay_block":14,"minecraft:redstone_ore":5,"minecraft:furnace":5,"minecraft:iron_ore":110,"minecraft:fire":11,"minecraft:andesite":27,"minecraft:deepslate_lapis_ore":33,"chococraft:gysahl_green":69,"minecraft:potatoes":42,"minecraft:deepslate_iron_ore":50,"minecraft:small_amethyst_bud":1,"minecraft:stripped_oak_log":12,"minecraft:stone":307,"minecraft:deepslate_redstone_ore":19,"minecraft:oak_slab":14,"minecraft:glass_pane":1,"minecraft:medium_amethyst_bud":1,"minecraft:amethyst_cluster":3,"minecraft:dandelion":1,"minecraft:oak_fence":5,"minecraft:crafting_table":7,"minecraft:torch":8,"minecraft:chest":2,"minecraft:copper_ore":9,"minecraft:tall_grass":11,"minecraft:cobblestone":49,"minecraft:deepslate_coal_ore":7,"minecraft:deepslate_gold_ore":38,"minecraft:lapis_ore":11,"minecraft:sugar_cane":37,"minecraft:oak_planks":4,"minecraft:diorite":53,"minecraft:wall_torch":2,"minecraft:amethyst_block":1,"minecraft:deepslate_copper_ore":9,"minecraft:spruce_log":1,"minecraft:grass":192,"minecraft:oak_log":948,"minecraft:coal_ore":234,"minecraft:gravel":3,"minecraft:dirt":14,"minecraft:cobweb":21,"minecraft:smooth_basalt":1,"minecraft:gold_ore":23,"minecraft:oak_leaves":19,"minecraft:deepslate":242},"minecraft:crafted":{"useless_sword:emerald_stick":2,"minecraft:oak_door":3,"minecraft:oak_planks":3044,"minecraft:coal":1,"minecraft:iron_nugget":45,"minecraft:cooked_chicken":1,"minecraft:lightning_rod":1,"minecraft:furnace":11,"minecraft:bone_meal":96,"minecraft:cooked_mutton":1,"minecraft:lantern":5,"minecraft:bow":4,"minecraft:iron_boots":1,"minecraft:iron_axe":4,"chococraft:choco_disguise_leggings":1,"minecraft:iron_hoe":1,"minecraft:stone_pickaxe":2,"minecraft:chest":9,"minecraft:oak_button":22,"useless_sword:copper_sword":1,"minecraft:oak_fence":141,"useless_sword:amethyst_sword":1,"minecraft:smoker":3,"minecraft:wheat":126,"minecraft:cooked_beef":6,"minecraft:coal_block":1,"minecraft:oak_slab":258,"minecraft:crossbow":2,"minecraft:arrow":1168,"minecraft:emerald":147,"minecraft:cooked_porkchop":16,"minecraft:crafting_table":5,"chococraft:choco_disguise_boots":1,"minecraft:wooden_pickaxe":1,"minecraft:baked_potato":47,"minecraft:iron_helmet":1,"alexsmobs:cooked_kangaroo_meat":2,"minecraft:copper_ingot":82,"minecraft:bucket":2,"minecraft:stone_axe":2,"minecraft:bread":42,"minecraft:air":0,"useless_sword:coal_sword":1,"minecraft:oak_fence_gate":2,"minecraft:oak_boat":1,"minecraft:iron_chestplate":1,"minecraft:diamond_pickaxe":1,"minecraft:shield":2,"minecraft:stick":4775,"minecraft:iron_ingot":159,"minecraft:iron_pickaxe":4,"minecraft:wooden_axe":1,"minecraft:iron_block":3,"minecraft:stone_sword":2,"minecraft:iron_shovel":1,"minecraft:iron_leggings":1,"minecraft:gold_ingot":30,"chococraft:chocobo_saddle":2,"useless_sword:lapis_lazuli_sword":2,"minecraft:anvil":1,"minecraft:acacia_planks":64,"minecraft:torch":608,"chococraft:choco_disguise_helmet":1,"minecraft:lapis_block":4},"minecraft:broken":{"minecraft:wooden_pickaxe":1,"minecraft:stone_pickaxe":2,"minecraft:iron_axe":3,"minecraft:stone_axe":1,"minecraft:iron_pickaxe":2,"minecraft:wooden_axe":1},"minecraft:dropped":{"minecraft:bread":17,"minecraft:wheat_seeds":5,"minecraft:golden_helmet":1,"minecraft:cooked_beef":2,"minecraft:baked_potato":17,"minecraft:cooked_porkchop":3,"minecraft:crossbow":1,"minecraft:cobblestone":26,"minecraft:iron_helmet":2,"minecraft:granite":4,"useless_sword:charged_copper_sword":1,"minecraft:stick":2,"minecraft:emerald":32,"minecraft:dirt":19,"minecraft:diorite":23,"minecraft:iron_leggings":2,"gravestone:obituary":9,"minecraft:iron_axe":1,"minecraft:iron_pickaxe":4,"minecraft:string":3,"minecraft:dandelion":2,"minecraft:gravel":9,"minecraft:stone_axe":1,"minecraft:stone_sword":2,"minecraft:cobbled_deepslate":77,"minecraft:rotten_flesh":9,"minecraft:oak_planks":322,"minecraft:iron_boots":1,"minecraft:chainmail_chestplate":1,"minecraft:poppy":2,"minecraft:potato":1,"minecraft:shield":1,"useless_sword:coal_sword":1,"minecraft:gunpowder":5,"minecraft:iron_chestplate":1,"minecraft:andesite":15,"minecraft:golden_leggings":2,"minecraft:chainmail_boots":2,"minecraft:arrow":368,"minecraft:bow":1,"minecraft:wooden_pickaxe":2,"useless_sword:lapis_lazuli_sword":1},"minecraft:picked_up":{"chococraft:loverly_gysahl_green":7,"minecraft:crafting_table":7,"minecraft:chainmail_boots":2,"minecraft:chicken":1,"minecraft:wooden_pickaxe":1,"gravestone:obituary":6,"alexsmobs:gazelle_horn":1,"minecraft:string":40,"minecraft:raw_copper":57,"minecraft:iron_axe":1,"minecraft:armor_stand":4,"minecraft:tnt_minecart":1,"minecraft:cobbled_deepslate":209,"minecraft:beef":6,"minecraft:oak_boat":2,"minecraft:poppy":2,"minecraft:iron_pickaxe":3,"alexsmobs:raccoon_tail":1,"minecraft:sugar_cane":71,"minecraft:chest":2,"minecraft:furnace":5,"minecraft:raw_iron":156,"minecraft:stick":150,"minecraft:oak_door":2,"minecraft:copper_ingot":3,"minecraft:oak_fence":5,"minecraft:torch":13,"minecraft:acacia_log":16,"minecraft:porkchop":16,"minecraft:diorite":43,"minecraft:redstone":100,"alexsmobs:centipede_leg":2,"minecraft:arrow":31,"minecraft:stone_sword":2,"minecraft:rotten_flesh":45,"minecraft:hay_block":14,"minecraft:obsidian":4,"minecraft:mutton":1,"alexsmobs:kangaroo_meat":2,"minecraft:cobblestone":343,"minecraft:stripped_oak_log":12,"minecraft:cooked_beef":7,"minecraft:glow_ink_sac":2,"minecraft:andesite":26,"useless_sword:charged_copper_sword":1,"minecraft:leather":5,"minecraft:golden_leggings":1,"alexsmobs:acacia_blossom":2,"minecraft:potato":156,"alexsmobs:bison_fur":2,"minecraft:tuff":8,"minecraft:oak_log":918,"minecraft:chainmail_chestplate":2,"minecraft:gunpowder":26,"minecraft:dirt":273,"minecraft:lapis_lazuli":262,"chococraft:chocobo_feather":25,"minecraft:bone":38,"chococraft:gysahl_green":197,"minecraft:apple":27,"chococraft:gold_gysahl":3,"minecraft:bow":1,"minecraft:wheat_seeds":33,"minecraft:raw_gold":61,"minecraft:iron_ingot":1,"minecraft:oak_planks":470,"minecraft:acacia_sapling":9,"minecraft:oak_slab":21,"minecraft:cooked_porkchop":3,"minecraft:dandelion":3,"minecraft:gravel":10,"minecraft:amethyst_shard":12,"chococraft:gysahl_green_seeds":68,"minecraft:white_bed":4,"minecraft:spider_eye":5,"alexsmobs:kangaroo_hide":2,"minecraft:sugar":2,"minecraft:slime_ball":1,"minecraft:diamond":16,"minecraft:iron_helmet":1,"minecraft:granite":13,"minecraft:bread":1,"minecraft:emerald":32,"minecraft:oak_sapling":254,"minecraft:coal":322,"minecraft:ender_pearl":1},"minecraft:used":{"minecraft:oak_fence":28,"minecraft:stone_sword":19,"minecraft:iron_shovel":31,"useless_sword:lapis_lazuli_sword":214,"minecraft:armor_stand":3,"minecraft:chest":11,"minecraft:shield":72,"minecraft:cooked_chicken":1,"minecraft:oak_door":4,"minecraft:torch":602,"minecraft:dirt":146,"minecraft:anvil":1,"alexsmobs:cooked_kangaroo_meat":2,"minecraft:granite":1,"minecraft:oak_fence_gate":2,"minecraft:iron_hoe":66,"minecraft:wooden_axe":69,"minecraft:lava_bucket":4,"minecraft:lantern":5,"minecraft:iron_axe":852,"minecraft:bow":2,"minecraft:furnace":13,"minecraft:oak_sapling":259,"minecraft:cooked_beef":8,"minecraft:potato":138,"minecraft:acacia_planks":19,"minecraft:cobbled_deepslate":64,"minecraft:cooked_mutton":1,"minecraft:water_bucket":12,"minecraft:diorite":4,"minecraft:oak_planks":189,"minecraft:stone_pickaxe":262,"minecraft:baked_potato":23,"minecraft:wooden_pickaxe":40,"minecraft:sugar_cane":71,"useless_sword:charged_copper_sword":319,"minecraft:oak_slab":251,"minecraft:crafting_table":11,"minecraft:crossbow":31,"minecraft:white_bed":4,"minecraft:lightning_rod":1,"minecraft:smoker":3,"useless_sword:amethyst_sword":53,"minecraft:oak_log":14,"minecraft:diamond_pickaxe":181,"chococraft:gysahl_green_seeds":41,"minecraft:bread":49,"minecraft:oak_button":22,"minecraft:iron_pickaxe":810,"useless_sword:copper_sword":149,"minecraft:stone_axe":241,"minecraft:cobblestone":109,"minecraft:bucket":17,"minecraft:cooked_porkchop":16,"minecraft:andesite":2,"chococraft:gysahl_green":104,"alexsmobs:animal_dictionary":2,"minecraft:oak_boat":3,"minecraft:bone_meal":72}},"DataVersion":3465}