{"stats":{"minecraft:killed_by":{"alexsmobs:crocodile":1},"minecraft:crafted":{"minecraft:oak_door":3,"minecraft:oak_planks":1348,"minecraft:iron_nugget":45,"minecraft:furnace":7,"minecraft:cooked_mutton":1,"minecraft:lantern":5,"minecraft:bow":4,"minecraft:iron_boots":1,"minecraft:iron_axe":2,"minecraft:stone_pickaxe":2,"minecraft:chest":4,"useless_sword:copper_sword":1,"minecraft:wheat":126,"minecraft:coal_block":1,"minecraft:oak_slab":258,"minecraft:arrow":544,"minecraft:emerald":63,"minecraft:cooked_porkchop":7,"minecraft:crafting_table":5,"minecraft:iron_helmet":1,"minecraft:wooden_pickaxe":1,"alexsmobs:cooked_kangaroo_meat":2,"minecraft:copper_ingot":6,"minecraft:bucket":1,"minecraft:stone_axe":2,"minecraft:bread":42,"minecraft:air":0,"useless_sword:coal_sword":1,"minecraft:oak_boat":1,"minecraft:iron_chestplate":1,"minecraft:diamond_pickaxe":1,"minecraft:shield":1,"minecraft:stick":2007,"minecraft:iron_ingot":67,"minecraft:iron_pickaxe":2,"minecraft:wooden_axe":1,"minecraft:stone_sword":2,"minecraft:iron_leggings":1,"chococraft:chocobo_saddle":2,"minecraft:acacia_planks":64,"minecraft:torch":232},"minecraft:broken":{"minecraft:wooden_pickaxe":1,"minecraft:stone_pickaxe":2,"minecraft:iron_axe":1,"minecraft:stone_axe":1,"minecraft:wooden_axe":1},"minecraft:mined":{"minecraft:white_bed":2,"minecraft:oak_sapling":6,"minecraft:deepslate_diamond_ore":6,"minecraft:granite":8,"gravestone:gravestone":4,"minecraft:acacia_log":11,"minecraft:grass_block":109,"minecraft:hay_block":14,"minecraft:furnace":4,"minecraft:iron_ore":58,"minecraft:fire":5,"minecraft:andesite":16,"minecraft:deepslate_lapis_ore":3,"chococraft:gysahl_green":11,"minecraft:deepslate_iron_ore":11,"minecraft:stone":215,"minecraft:oak_slab":14,"minecraft:glass_pane":1,"minecraft:crafting_table":6,"minecraft:torch":3,"minecraft:chest":2,"minecraft:tall_grass":3,"minecraft:copper_ore":3,"minecraft:cobblestone":9,"minecraft:lapis_ore":1,"minecraft:deepslate_gold_ore":6,"minecraft:oak_planks":3,"minecraft:sugar_cane":12,"minecraft:diorite":25,"minecraft:wall_torch":1,"minecraft:grass":106,"minecraft:oak_log":627,"minecraft:coal_ore":133,"minecraft:gravel":1,"minecraft:dirt":9,"minecraft:oak_leaves":6,"minecraft:deepslate":134},"minecraft:used":{"minecraft:stone_sword":19,"minecraft:chest":6,"minecraft:shield":7,"minecraft:oak_door":4,"minecraft:torch":219,"minecraft:dirt":1,"alexsmobs:cooked_kangaroo_meat":2,"minecraft:granite":1,"minecraft:wooden_axe":69,"minecraft:lantern":5,"minecraft:iron_axe":453,"minecraft:bow":2,"minecraft:oak_sapling":159,"minecraft:furnace":11,"minecraft:cooked_beef":4,"minecraft:potato":11,"minecraft:cobbled_deepslate":33,"minecraft:acacia_planks":19,"minecraft:cooked_mutton":1,"minecraft:diorite":4,"minecraft:stone_pickaxe":262,"minecraft:oak_planks":182,"minecraft:wooden_pickaxe":40,"minecraft:sugar_cane":22,"useless_sword:charged_copper_sword":5,"minecraft:oak_slab":251,"minecraft:crafting_table":9,"minecraft:white_bed":3,"chococraft:gysahl_green_seeds":7,"minecraft:bread":46,"minecraft:iron_pickaxe":334,"useless_sword:copper_sword":149,"minecraft:stone_axe":241,"minecraft:cobblestone":84,"minecraft:andesite":1,"chococraft:gysahl_green":4,"alexsmobs:animal_dictionary":2,"minecraft:oak_boat":3},"minecraft:picked_up":{"chococraft:loverly_gysahl_green":2,"minecraft:crafting_table":6,"minecraft:chainmail_boots":1,"minecraft:wooden_pickaxe":1,"gravestone:obituary":6,"alexsmobs:gazelle_horn":1,"minecraft:string":12,"minecraft:raw_copper":9,"minecraft:cobbled_deepslate":102,"minecraft:beef":6,"minecraft:oak_boat":2,"minecraft:poppy":2,"minecraft:iron_pickaxe":3,"minecraft:sugar_cane":22,"minecraft:chest":2,"minecraft:furnace":4,"minecraft:stick":126,"minecraft:raw_iron":66,"minecraft:oak_door":2,"minecraft:copper_ingot":3,"minecraft:torch":5,"minecraft:acacia_log":16,"minecraft:porkchop":9,"minecraft:diorite":20,"minecraft:redstone":1,"minecraft:stone_sword":2,"minecraft:arrow":7,"minecraft:rotten_flesh":14,"minecraft:hay_block":14,"minecraft:mutton":1,"alexsmobs:kangaroo_meat":2,"minecraft:cobblestone":232,"minecraft:cooked_beef":7,"minecraft:andesite":16,"useless_sword:charged_copper_sword":1,"minecraft:leather":2,"alexsmobs:acacia_blossom":2,"minecraft:potato":1,"alexsmobs:bison_fur":2,"minecraft:oak_log":624,"minecraft:chainmail_chestplate":2,"minecraft:gunpowder":10,"minecraft:lapis_lazuli":20,"minecraft:dirt":112,"chococraft:chocobo_feather":5,"minecraft:bone":8,"chococraft:gysahl_green":29,"minecraft:apple":26,"chococraft:gold_gysahl":1,"minecraft:bow":1,"minecraft:wheat_seeds":16,"minecraft:raw_gold":6,"minecraft:oak_planks":292,"minecraft:acacia_sapling":9,"minecraft:oak_slab":21,"minecraft:dandelion":2,"minecraft:gravel":6,"chococraft:gysahl_green_seeds":11,"minecraft:white_bed":3,"minecraft:spider_eye":3,"alexsmobs:kangaroo_hide":2,"minecraft:sugar":2,"minecraft:diamond":6,"minecraft:granite":3,"minecraft:bread":1,"minecraft:oak_sapling":218,"minecraft:coal":214},"minecraft:dropped":{"minecraft:bread":17,"minecraft:wheat_seeds":5,"minecraft:cobblestone":20,"useless_sword:charged_copper_sword":1,"minecraft:stick":2,"minecraft:dirt":19,"minecraft:diorite":16,"gravestone:obituary":9,"minecraft:iron_pickaxe":4,"minecraft:string":3,"minecraft:dandelion":2,"minecraft:gravel":6,"minecraft:stone_axe":1,"minecraft:stone_sword":2,"minecraft:cobbled_deepslate":77,"minecraft:rotten_flesh":9,"minecraft:oak_planks":322,"minecraft:chainmail_chestplate":1,"minecraft:potato":1,"minecraft:gunpowder":4,"minecraft:andesite":15,"minecraft:chainmail_boots":1,"minecraft:arrow":192,"minecraft:bow":1,"minecraft:wooden_pickaxe":2},"minecraft:custom":{"minecraft:mob_kills":63,"minecraft:interact_with_crafting_table":59,"minecraft:leave_game":5,"minecraft:time_since_death":87583,"minecraft:sprint_one_cm":486577,"minecraft:walk_one_cm":540635,"minecraft:damage_blocked_by_shield":630,"minecraft:drop":74,"minecraft:talked_to_villager":21,"minecraft:play_time":302972,"minecraft:deaths":4,"minecraft:sneak_time":4658,"minecraft:walk_under_water_one_cm":59540,"minecraft:boat_one_cm":18540,"minecraft:jump":3589,"minecraft:walk_on_water_one_cm":59029,"minecraft:total_world_time":302972,"minecraft:interact_with_furnace":45,"minecraft:traded_with_villager":101,"minecraft:sleep_in_bed":8,"minecraft:time_since_rest":11968,"minecraft:damage_taken":3456,"minecraft:damage_dealt":11178,"minecraft:swim_one_cm":48873,"minecraft:fly_one_cm":844592,"minecraft:open_chest":61,"minecraft:crouch_one_cm":19863,"minecraft:fall_one_cm":94275},"minecraft:killed":{"minecraft:witch":1,"alexsmobs:raccoon":1,"minecraft:spider":9,"minecraft:skeleton":11,"minecraft:horse":1,"alexsmobs:bison":1,"alexsmobs:kangaroo":1,"minecraft:pig":5,"minecraft:iron_golem":1,"alexsmobs:rhinoceros":1,"minecraft:creeper":8,"minecraft:zombie":15,"alexsmobs:gazelle":4,"creeperoverhaul:savannah_creeper":1}},"DataVersion":3465}