{"stats":{"minecraft:killed":{"minecraft:witch":1,"minecraft:spider":21,"minecraft:skeleton":40,"minecraft:chicken":1,"minecraft:skeleton_horse":1,"alexsmobs:kangaroo":1,"minecraft:pig":11,"minecraft:zombie_villager":1,"minecraft:iron_golem":1,"minecraft:creeper":27,"minecraft:zombie":58,"alexsmobs:terrapin":1,"minecraft:stray":35,"minecraft:glow_squid":1,"alexsmobs:raccoon":5,"minecraft:slime":3,"minecraft:horse":5,"alexsmobs:bison":1,"alexsmobs:rhinoceros":1,"alexsmobs:cockroach":1,"alexsmobs:gazelle":4,"creeperoverhaul:savannah_creeper":1,"minecraft:enderman":2},"minecraft:custom":{"minecraft:interact_with_crafting_table":96,"minecraft:open_barrel":10,"goblintraders:trade_with_goblin":65,"minecraft:leave_game":7,"minecraft:time_since_death":12604,"minecraft:sprint_one_cm":1252097,"minecraft:damage_blocked_by_shield":5618,"minecraft:drop":157,"minecraft:talked_to_villager":34,"minecraft:play_time":638521,"minecraft:deaths":13,"minecraft:jump":9024,"minecraft:walk_on_water_one_cm":139217,"minecraft:interact_with_furnace":117,"minecraft:traded_with_villager":226,"minecraft:sleep_in_bed":16,"minecraft:damage_dealt":42147,"minecraft:player_kills":2,"minecraft:crouch_one_cm":35260,"minecraft:interact_with_smoker":45,"minecraft:horse_one_cm":25095,"minecraft:mob_kills":236,"minecraft:interact_with_anvil":1,"minecraft:climb_one_cm":3457,"minecraft:walk_one_cm":1458809,"minecraft:sneak_time":10845,"minecraft:walk_under_water_one_cm":127911,"minecraft:boat_one_cm":89124,"minecraft:total_world_time":638521,"minecraft:time_since_rest":12646,"minecraft:damage_taken":11490,"minecraft:swim_one_cm":125679,"minecraft:fly_one_cm":2063646,"minecraft:open_chest":241,"minecraft:fall_one_cm":218874},"minecraft:killed_by":{"alexsmobs:crocodile":1,"minecraft:player":3},"minecraft:crafted":{"minecraft:oak_planks":3044,"minecraft:cooked_chicken":1,"minecraft:lightning_rod":1,"minecraft:cooked_mutton":1,"minecraft:bow":4,"minecraft:iron_boots":1,"minecraft:chest":9,"minecraft:oak_button":22,"minecraft:oak_fence":141,"minecraft:smoker":3,"minecraft:oak_slab":258,"minecraft:emerald":147,"minecraft:arrow":1168,"minecraft:cooked_porkchop":16,"minecraft:crafting_table":6,"minecraft:spruce_planks":56,"minecraft:iron_helmet":1,"minecraft:baked_potato":216,"minecraft:wooden_pickaxe":2,"minecraft:copper_ingot":82,"useless_sword:coal_sword":1,"minecraft:iron_chestplate":1,"minecraft:paper":174,"minecraft:diamond_pickaxe":1,"minecraft:shield":2,"minecraft:stick":4779,"minecraft:iron_pickaxe":4,"minecraft:iron_ingot":159,"minecraft:iron_block":3,"minecraft:stone_sword":2,"minecraft:gold_ingot":30,"useless_sword:lapis_lazuli_sword":2,"useless_sword:emerald_stick":2,"minecraft:oak_door":3,"minecraft:coal":1,"minecraft:iron_nugget":45,"minecraft:furnace":11,"minecraft:bone_meal":96,"minecraft:lantern":5,"chococraft:choco_disguise_leggings":1,"minecraft:iron_axe":4,"minecraft:iron_hoe":1,"minecraft:stone_pickaxe":2,"useless_sword:copper_sword":1,"useless_sword:amethyst_sword":1,"minecraft:wheat":126,"minecraft:cooked_beef":6,"minecraft:coal_block":1,"minecraft:crossbow":2,"chococraft:choco_disguise_boots":1,"alexsmobs:cooked_kangaroo_meat":2,"minecraft:bucket":2,"minecraft:stone_axe":2,"minecraft:bread":42,"minecraft:air":0,"minecraft:oak_fence_gate":2,"minecraft:oak_boat":1,"minecraft:wooden_axe":1,"minecraft:iron_shovel":1,"minecraft:iron_leggings":1,"chococraft:chocobo_saddle":2,"minecraft:anvil":1,"chococraft:choco_disguise_chestplate":1,"minecraft:acacia_planks":64,"minecraft:torch":608,"chococraft:choco_disguise_helmet":1,"minecraft:lapis_block":4},"minecraft:mined":{"minecraft:large_amethyst_bud":1,"minecraft:spruce_planks":19,"minecraft:white_bed":2,"minecraft:oak_sapling":12,"minecraft:obsidian":4,"minecraft:granite":18,"minecraft:acacia_log":11,"minecraft:grass_block":203,"minecraft:iron_ore":110,"minecraft:fire":18,"minecraft:deepslate_lapis_ore":33,"chococraft:gysahl_green":69,"minecraft:small_amethyst_bud":1,"minecraft:spruce_slab":3,"minecraft:deepslate_redstone_ore":19,"minecraft:medium_amethyst_bud":1,"minecraft:amethyst_cluster":3,"minecraft:torch":8,"minecraft:calcite":18,"minecraft:chest":2,"minecraft:cobblestone":49,"minecraft:oak_planks":15,"minecraft:sugar_cane":125,"minecraft:wall_torch":4,"minecraft:amethyst_block":1,"minecraft:deepslate_copper_ore":9,"minecraft:grass":192,"minecraft:oak_log":948,"minecraft:dirt":14,"structure_gel:dynamic_spawner":3,"minecraft:smooth_basalt":1,"minecraft:oak_leaves":19,"minecraft:deepslate":242,"minecraft:tuff":8,"minecraft:deepslate_diamond_ore":16,"gravestone:gravestone":13,"minecraft:spruce_fence":5,"minecraft:hay_block":14,"minecraft:redstone_ore":5,"minecraft:furnace":5,"minecraft:andesite":31,"minecraft:stripped_spruce_log":28,"minecraft:potatoes":106,"minecraft:deepslate_iron_ore":50,"minecraft:stripped_oak_log":12,"minecraft:packed_ice":13,"minecraft:stone":307,"minecraft:oak_slab":14,"minecraft:glass_pane":1,"minecraft:dandelion":1,"minecraft:oak_fence":5,"minecraft:crafting_table":7,"minecraft:tall_grass":11,"minecraft:copper_ore":9,"minecraft:deepslate_coal_ore":7,"minecraft:lapis_ore":11,"minecraft:deepslate_gold_ore":38,"minecraft:diorite":53,"minecraft:ice":2,"minecraft:spruce_log":3,"minecraft:coal_ore":234,"minecraft:gravel":3,"minecraft:cobweb":21,"minecraft:polished_andesite":2,"minecraft:gold_ore":23},"minecraft:broken":{"minecraft:stone_pickaxe":2,"dungeons_plus:frosted_cowl":1,"minecraft:stone_axe":1,"minecraft:wooden_axe":1,"minecraft:wooden_pickaxe":1,"minecraft:shield":1,"minecraft:iron_axe":3,"minecraft:iron_pickaxe":2},"minecraft:dropped":{"minecraft:cooked_beef":2,"minecraft:baked_potato":151,"minecraft:cooked_porkchop":3,"minecraft:crossbow":1,"useless_sword:charged_copper_sword":3,"minecraft:emerald":32,"minecraft:dirt":19,"gravestone:obituary":18,"minecraft:iron_pickaxe":4,"minecraft:bone":56,"minecraft:gravel":9,"minecraft:stone_axe":1,"minecraft:cobbled_deepslate":77,"minecraft:rotten_flesh":9,"minecraft:oak_planks":322,"minecraft:chainmail_chestplate":1,"minecraft:poppy":2,"minecraft:gunpowder":5,"minecraft:chainmail_boots":2,"minecraft:spruce_slab":6,"minecraft:arrow":368,"minecraft:bread":17,"minecraft:wheat_seeds":5,"minecraft:golden_helmet":1,"minecraft:iron_helmet":2,"minecraft:cobblestone":26,"minecraft:granite":4,"minecraft:stick":2,"minecraft:diorite":23,"minecraft:ink_sac":2,"minecraft:iron_leggings":2,"minecraft:iron_axe":1,"minecraft:string":3,"minecraft:dandelion":2,"minecraft:stone_sword":2,"minecraft:iron_boots":1,"minecraft:potato":1,"minecraft:shield":1,"useless_sword:coal_sword":1,"minecraft:iron_chestplate":1,"minecraft:andesite":19,"minecraft:golden_leggings":2,"minecraft:bow":1,"minecraft:wooden_pickaxe":2,"minecraft:calcite":16,"useless_sword:lapis_lazuli_sword":1},"minecraft:used":{"minecraft:iron_shovel":31,"minecraft:chest":11,"minecraft:shield":77,"minecraft:stripped_spruce_log":2,"minecraft:lava_bucket":4,"minecraft:lantern":5,"minecraft:bow":2,"minecraft:oak_sapling":259,"minecraft:furnace":13,"minecraft:potato":202,"minecraft:diorite":4,"minecraft:stone_pickaxe":262,"minecraft:oak_planks":200,"minecraft:wooden_pickaxe":43,"minecraft:sugar_cane":72,"useless_sword:charged_copper_sword":363,"minecraft:crossbow":35,"minecraft:lightning_rod":1,"minecraft:bread":49,"minecraft:andesite":2,"chococraft:gysahl_green":104,"minecraft:ice":5,"minecraft:oak_boat":3,"minecraft:bone_meal":72,"minecraft:experience_bottle":2,"minecraft:oak_fence":28,"minecraft:stone_sword":19,"useless_sword:lapis_lazuli_sword":214,"minecraft:armor_stand":3,"minecraft:spruce_planks":29,"minecraft:cooked_chicken":1,"minecraft:oak_door":4,"minecraft:torch":605,"minecraft:dirt":146,"minecraft:anvil":1,"alexsmobs:cooked_kangaroo_meat":2,"minecraft:spruce_fence":3,"minecraft:granite":1,"minecraft:oak_fence_gate":2,"minecraft:iron_hoe":66,"minecraft:wooden_axe":69,"minecraft:iron_axe":911,"minecraft:cooked_beef":8,"minecraft:cobbled_deepslate":64,"minecraft:acacia_planks":19,"minecraft:calcite":2,"minecraft:cooked_mutton":1,"minecraft:water_bucket":23,"minecraft:polished_andesite":2,"minecraft:baked_potato":48,"minecraft:oak_slab":251,"minecraft:crafting_table":12,"minecraft:white_bed":4,"minecraft:smoker":3,"useless_sword:amethyst_sword":197,"minecraft:oak_log":14,"minecraft:diamond_pickaxe":213,"chococraft:gysahl_green_seeds":41,"minecraft:oak_button":22,"minecraft:iron_pickaxe":810,"useless_sword:copper_sword":149,"minecraft:stone_axe":241,"minecraft:cobblestone":109,"minecraft:cooked_porkchop":16,"minecraft:bucket":27,"minecraft:yellow_bed":1,"alexsmobs:animal_dictionary":2},"minecraft:picked_up":{"chococraft:loverly_gysahl_green":7,"minecraft:chainmail_boots":2,"alexsmobs:gazelle_horn":1,"minecraft:string":40,"minecraft:raw_copper":57,"minecraft:armor_stand":6,"minecraft:tnt_minecart":1,"minecraft:cobbled_deepslate":209,"minecraft:spruce_planks":19,"minecraft:calcite":34,"minecraft:iron_pickaxe":3,"alexsmobs:raccoon_tail":1,"minecraft:furnace":5,"minecraft:tipped_arrow":23,"minecraft:stick":150,"minecraft:oak_fence":39,"minecraft:torch":41,"minecraft:acacia_log":16,"minecraft:porkchop":16,"minecraft:diorite":43,"alexsmobs:centipede_leg":2,"minecraft:stone_sword":2,"minecraft:rotten_flesh":45,"minecraft:obsidian":4,"minecraft:cobblestone":343,"minecraft:cooked_beef":7,"minecraft:andesite":30,"minecraft:golden_leggings":1,"minecraft:potato":389,"alexsmobs:bison_fur":4,"minecraft:tuff":8,"minecraft:lapis_lazuli":262,"minecraft:dirt":273,"minecraft:bone":157,"minecraft:bow":1,"minecraft:wheat_seeds":33,"minecraft:raw_gold":61,"minecraft:oak_planks":480,"minecraft:cooked_porkchop":3,"minecraft:stripped_spruce_log":16,"minecraft:ink_sac":2,"dungeons_plus:frosted_cowl":1,"minecraft:polished_andesite":2,"alexsmobs:kangaroo_hide":2,"minecraft:sugar":2,"minecraft:diamond":16,"minecraft:granite":13,"minecraft:emerald":32,"minecraft:bread":1,"minecraft:oak_sapling":254,"minecraft:crafting_table":7,"minecraft:chicken":1,"minecraft:wooden_pickaxe":1,"gravestone:obituary":12,"minecraft:iron_axe":1,"minecraft:beef":6,"minecraft:oak_boat":2,"minecraft:poppy":2,"minecraft:spruce_slab":12,"minecraft:sugar_cane":247,"minecraft:chest":2,"minecraft:raw_iron":156,"minecraft:oak_door":2,"minecraft:copper_ingot":3,"minecraft:spruce_fence":4,"minecraft:redstone":100,"minecraft:blue_carpet":1,"minecraft:arrow":85,"minecraft:hay_block":14,"minecraft:mutton":1,"alexsmobs:kangaroo_meat":2,"minecraft:skeleton_skull":1,"minecraft:stripped_oak_log":12,"minecraft:glow_ink_sac":2,"useless_sword:charged_copper_sword":3,"minecraft:leather":5,"alexsmobs:acacia_blossom":2,"minecraft:ice":71,"minecraft:oak_log":918,"minecraft:chainmail_chestplate":2,"minecraft:yellow_bed":1,"minecraft:gunpowder":27,"chococraft:chocobo_feather":27,"chococraft:gysahl_green":197,"minecraft:apple":27,"chococraft:gold_gysahl":3,"minecraft:iron_ingot":1,"minecraft:acacia_sapling":9,"minecraft:oak_slab":21,"minecraft:dandelion":3,"minecraft:gravel":10,"minecraft:amethyst_shard":12,"chococraft:gysahl_green_seeds":68,"minecraft:white_bed":4,"minecraft:spruce_log":2,"minecraft:spider_eye":5,"minecraft:slime_ball":1,"minecraft:iron_helmet":1,"minecraft:baked_potato":62,"minecraft:coal":322,"minecraft:ender_pearl":1}},"DataVersion":3465}