{"stats":{"minecraft:killed":{"alexsmobs:raccoon":1,"minecraft:spider":1,"alexsmobs:rhinoceros":1,"minecraft:creeper":1,"minecraft:skeleton":3,"minecraft:zombie":3,"alexsmobs:gazelle":4,"creeperoverhaul:savannah_creeper":1,"alexsmobs:kangaroo":1},"minecraft:custom":{"minecraft:interact_with_furnace":9,"minecraft:mob_kills":16,"minecraft:interact_with_crafting_table":10,"minecraft:time_since_death":39168,"minecraft:sleep_in_bed":2,"minecraft:time_since_rest":3101,"minecraft:sprint_one_cm":89537,"minecraft:damage_taken":580,"minecraft:walk_one_cm":102303,"minecraft:drop":5,"minecraft:damage_dealt":2950,"minecraft:swim_one_cm":13512,"minecraft:talked_to_villager":2,"minecraft:fly_one_cm":148372,"minecraft:open_chest":7,"minecraft:crouch_one_cm":457,"minecraft:play_time":39168,"minecraft:sneak_time":470,"minecraft:walk_under_water_one_cm":7009,"minecraft:boat_one_cm":18540,"minecraft:jump":616,"minecraft:walk_on_water_one_cm":5870,"minecraft:total_world_time":39168,"minecraft:fall_one_cm":15595},"minecraft:mined":{"minecraft:crafting_table":4,"minecraft:acacia_log":11,"minecraft:grass_block":1,"minecraft:copper_ore":3,"minecraft:cobblestone":5,"minecraft:sugar_cane":4,"minecraft:diorite":16,"minecraft:hay_block":6,"minecraft:furnace":2,"minecraft:andesite":15,"minecraft:grass":16,"chococraft:gysahl_green":11,"minecraft:oak_log":11,"minecraft:coal_ore":46,"minecraft:stone":102},"minecraft:crafted":{"minecraft:oak_planks":44,"minecraft:crafting_table":1,"minecraft:wooden_pickaxe":1,"alexsmobs:cooked_kangaroo_meat":2,"minecraft:furnace":1,"minecraft:copper_ingot":6,"minecraft:stone_axe":1,"minecraft:cooked_mutton":1,"minecraft:air":0,"minecraft:oak_boat":1,"minecraft:stick":32,"minecraft:stone_pickaxe":2,"minecraft:wooden_axe":1,"minecraft:stone_sword":1,"useless_sword:copper_sword":1,"minecraft:acacia_planks":16,"minecraft:torch":128},"minecraft:broken":{"minecraft:stone_pickaxe":1},"minecraft:dropped":{"minecraft:stick":1,"minecraft:diorite":16,"minecraft:andesite":15,"gravestone:obituary":2},"minecraft:used":{"minecraft:cooked_mutton":1,"minecraft:stone_pickaxe":179,"minecraft:oak_planks":5,"minecraft:wooden_pickaxe":11,"minecraft:torch":43,"minecraft:crafting_table":5,"alexsmobs:cooked_kangaroo_meat":2,"minecraft:wooden_axe":20,"chococraft:gysahl_green_seeds":7,"minecraft:bread":7,"useless_sword:copper_sword":30,"minecraft:stone_axe":51,"minecraft:bow":2,"minecraft:cobblestone":5,"minecraft:furnace":2,"minecraft:oak_boat":2,"chococraft:gysahl_green":4,"alexsmobs:animal_dictionary":2,"minecraft:acacia_planks":4},"minecraft:picked_up":{"minecraft:crafting_table":4,"chococraft:loverly_gysahl_green":2,"minecraft:andesite":15,"alexsmobs:acacia_blossom":2,"minecraft:oak_log":11,"gravestone:obituary":2,"minecraft:gunpowder":2,"alexsmobs:gazelle_horn":1,"minecraft:dirt":1,"minecraft:string":2,"minecraft:raw_copper":9,"minecraft:bone":1,"chococraft:gysahl_green":29,"chococraft:gold_gysahl":1,"minecraft:bow":1,"minecraft:wheat_seeds":1,"minecraft:oak_boat":2,"minecraft:sugar_cane":6,"minecraft:acacia_sapling":9,"minecraft:furnace":2,"minecraft:stick":13,"minecraft:copper_ingot":3,"minecraft:acacia_log":16,"chococraft:gysahl_green_seeds":11,"minecraft:diorite":16,"minecraft:spider_eye":1,"alexsmobs:kangaroo_hide":2,"minecraft:arrow":2,"minecraft:rotten_flesh":4,"minecraft:hay_block":6,"minecraft:oak_sapling":6,"minecraft:mutton":1,"minecraft:coal":106,"alexsmobs:kangaroo_meat":2,"minecraft:cobblestone":107}},"DataVersion":3465}