{"stats":{"minecraft:killed_by":{"alexsmobs:crocodile":1},"minecraft:crafted":{"useless_sword:emerald_stick":2,"minecraft:oak_door":3,"minecraft:oak_planks":2940,"minecraft:iron_nugget":45,"minecraft:furnace":7,"minecraft:cooked_mutton":1,"minecraft:lantern":5,"minecraft:bow":4,"minecraft:iron_boots":1,"minecraft:iron_axe":4,"minecraft:stone_pickaxe":2,"minecraft:chest":4,"minecraft:oak_button":22,"useless_sword:copper_sword":1,"minecraft:oak_fence":141,"minecraft:wheat":126,"minecraft:cooked_beef":6,"minecraft:coal_block":1,"minecraft:oak_slab":258,"minecraft:crossbow":2,"minecraft:emerald":147,"minecraft:arrow":1168,"minecraft:cooked_porkchop":11,"minecraft:crafting_table":5,"chococraft:choco_disguise_boots":1,"minecraft:wooden_pickaxe":1,"minecraft:iron_helmet":1,"alexsmobs:cooked_kangaroo_meat":2,"minecraft:copper_ingot":22,"minecraft:bucket":1,"minecraft:stone_axe":2,"minecraft:bread":42,"minecraft:air":0,"useless_sword:coal_sword":1,"minecraft:oak_fence_gate":2,"minecraft:oak_boat":1,"minecraft:iron_chestplate":1,"minecraft:diamond_pickaxe":1,"minecraft:shield":1,"minecraft:stick":4723,"minecraft:iron_ingot":94,"minecraft:iron_pickaxe":3,"minecraft:wooden_axe":1,"minecraft:iron_block":3,"minecraft:stone_sword":2,"minecraft:iron_leggings":1,"minecraft:gold_ingot":6,"chococraft:chocobo_saddle":2,"minecraft:anvil":1,"minecraft:acacia_planks":64,"minecraft:torch":280,"chococraft:choco_disguise_helmet":1},"minecraft:broken":{"minecraft:wooden_pickaxe":1,"minecraft:stone_pickaxe":2,"minecraft:iron_axe":3,"minecraft:stone_axe":1,"minecraft:wooden_axe":1},"minecraft:mined":{"minecraft:white_bed":2,"minecraft:oak_sapling":12,"minecraft:deepslate_diamond_ore":6,"minecraft:granite":8,"gravestone:gravestone":5,"minecraft:acacia_log":11,"minecraft:grass_block":119,"minecraft:hay_block":14,"minecraft:furnace":4,"minecraft:iron_ore":85,"minecraft:fire":9,"minecraft:andesite":16,"minecraft:deepslate_lapis_ore":3,"chococraft:gysahl_green":29,"minecraft:deepslate_iron_ore":11,"minecraft:stone":221,"minecraft:oak_slab":14,"minecraft:glass_pane":1,"minecraft:oak_fence":4,"minecraft:crafting_table":6,"minecraft:torch":6,"minecraft:chest":2,"minecraft:tall_grass":5,"minecraft:copper_ore":8,"minecraft:cobblestone":13,"minecraft:deepslate_gold_ore":6,"minecraft:lapis_ore":1,"minecraft:sugar_cane":12,"minecraft:oak_planks":4,"minecraft:diorite":27,"minecraft:wall_torch":1,"minecraft:grass":164,"minecraft:coal_ore":183,"minecraft:oak_log":947,"minecraft:gravel":1,"minecraft:dirt":9,"minecraft:oak_leaves":19,"minecraft:deepslate":134},"minecraft:used":{"minecraft:oak_fence":28,"minecraft:stone_sword":19,"minecraft:chest":6,"minecraft:shield":10,"minecraft:oak_door":4,"minecraft:torch":266,"minecraft:dirt":61,"minecraft:anvil":1,"alexsmobs:cooked_kangaroo_meat":2,"minecraft:granite":1,"minecraft:oak_fence_gate":2,"minecraft:wooden_axe":69,"minecraft:lantern":5,"minecraft:iron_axe":823,"minecraft:bow":2,"minecraft:furnace":11,"minecraft:oak_sapling":259,"minecraft:cooked_beef":7,"minecraft:potato":11,"minecraft:acacia_planks":19,"minecraft:cobbled_deepslate":33,"minecraft:cooked_mutton":1,"minecraft:water_bucket":1,"minecraft:diorite":4,"minecraft:stone_pickaxe":262,"minecraft:oak_planks":182,"minecraft:wooden_pickaxe":40,"minecraft:sugar_cane":22,"useless_sword:charged_copper_sword":100,"minecraft:oak_slab":251,"minecraft:crafting_table":9,"minecraft:crossbow":19,"minecraft:white_bed":3,"minecraft:oak_log":1,"chococraft:gysahl_green_seeds":24,"minecraft:bread":49,"minecraft:oak_button":22,"minecraft:iron_pickaxe":428,"useless_sword:copper_sword":149,"minecraft:stone_axe":241,"minecraft:cobblestone":97,"minecraft:cooked_porkchop":11,"minecraft:bucket":1,"minecraft:andesite":1,"chococraft:gysahl_green":23,"minecraft:oak_boat":3,"alexsmobs:animal_dictionary":2},"minecraft:picked_up":{"chococraft:loverly_gysahl_green":4,"minecraft:crafting_table":6,"minecraft:chainmail_boots":2,"minecraft:wooden_pickaxe":1,"gravestone:obituary":6,"alexsmobs:gazelle_horn":1,"minecraft:string":15,"minecraft:raw_copper":25,"minecraft:iron_axe":1,"minecraft:cobbled_deepslate":102,"minecraft:beef":6,"minecraft:oak_boat":2,"minecraft:poppy":2,"minecraft:iron_pickaxe":3,"minecraft:sugar_cane":22,"minecraft:chest":2,"minecraft:furnace":4,"minecraft:stick":150,"minecraft:raw_iron":93,"minecraft:oak_door":2,"minecraft:copper_ingot":3,"minecraft:oak_fence":4,"minecraft:torch":8,"minecraft:acacia_log":16,"minecraft:porkchop":11,"minecraft:diorite":22,"minecraft:redstone":1,"minecraft:stone_sword":2,"minecraft:arrow":13,"minecraft:rotten_flesh":22,"minecraft:hay_block":14,"minecraft:mutton":1,"alexsmobs:kangaroo_meat":2,"minecraft:cobblestone":242,"minecraft:cooked_beef":7,"minecraft:andesite":16,"useless_sword:charged_copper_sword":1,"minecraft:leather":2,"minecraft:golden_leggings":1,"alexsmobs:acacia_blossom":2,"minecraft:potato":1,"alexsmobs:bison_fur":2,"minecraft:oak_log":917,"minecraft:chainmail_chestplate":2,"minecraft:gunpowder":12,"minecraft:lapis_lazuli":20,"minecraft:dirt":174,"chococraft:chocobo_feather":15,"minecraft:bone":10,"chococraft:gysahl_green":93,"minecraft:apple":27,"chococraft:gold_gysahl":1,"minecraft:bow":1,"minecraft:wheat_seeds":26,"minecraft:raw_gold":6,"minecraft:oak_planks":469,"minecraft:acacia_sapling":9,"minecraft:oak_slab":21,"minecraft:cooked_porkchop":3,"minecraft:dandelion":2,"minecraft:gravel":7,"chococraft:gysahl_green_seeds":28,"minecraft:white_bed":3,"minecraft:spider_eye":4,"alexsmobs:kangaroo_hide":2,"minecraft:sugar":2,"minecraft:slime_ball":1,"minecraft:diamond":6,"minecraft:iron_helmet":1,"minecraft:granite":3,"minecraft:bread":1,"minecraft:emerald":32,"minecraft:oak_sapling":254,"minecraft:coal":264},"minecraft:dropped":{"minecraft:bread":17,"minecraft:wheat_seeds":5,"minecraft:cooked_beef":2,"minecraft:cooked_porkchop":3,"minecraft:crossbow":1,"minecraft:iron_helmet":2,"minecraft:cobblestone":20,"useless_sword:charged_copper_sword":1,"minecraft:stick":2,"minecraft:emerald":32,"minecraft:dirt":19,"minecraft:diorite":16,"gravestone:obituary":9,"minecraft:iron_axe":1,"minecraft:iron_pickaxe":4,"minecraft:string":3,"minecraft:dandelion":2,"minecraft:gravel":6,"minecraft:stone_axe":1,"minecraft:stone_sword":2,"minecraft:cobbled_deepslate":77,"minecraft:rotten_flesh":9,"minecraft:iron_boots":1,"minecraft:oak_planks":322,"minecraft:chainmail_chestplate":1,"minecraft:potato":1,"useless_sword:coal_sword":1,"minecraft:gunpowder":4,"minecraft:andesite":15,"minecraft:golden_leggings":2,"minecraft:chainmail_boots":2,"minecraft:arrow":368,"minecraft:bow":1,"minecraft:wooden_pickaxe":2},"minecraft:custom":{"minecraft:interact_with_anvil":1,"minecraft:mob_kills":93,"minecraft:interact_with_crafting_table":72,"minecraft:leave_game":6,"minecraft:time_since_death":29173,"minecraft:sprint_one_cm":697956,"minecraft:walk_one_cm":733851,"minecraft:damage_blocked_by_shield":720,"minecraft:drop":92,"minecraft:talked_to_villager":30,"minecraft:play_time":398188,"minecraft:deaths":5,"minecraft:sneak_time":5233,"minecraft:walk_under_water_one_cm":65434,"minecraft:boat_one_cm":18540,"minecraft:jump":4755,"minecraft:walk_on_water_one_cm":60924,"minecraft:total_world_time":398188,"minecraft:interact_with_furnace":85,"minecraft:traded_with_villager":226,"minecraft:sleep_in_bed":13,"minecraft:time_since_rest":29284,"minecraft:damage_taken":4786,"minecraft:damage_dealt":16323,"minecraft:swim_one_cm":48873,"minecraft:fly_one_cm":1180875,"minecraft:open_chest":121,"minecraft:crouch_one_cm":21492,"minecraft:fall_one_cm":123358,"minecraft:horse_one_cm":944},"minecraft:killed":{"minecraft:witch":1,"alexsmobs:raccoon":1,"minecraft:spider":13,"minecraft:slime":3,"minecraft:skeleton":14,"minecraft:horse":1,"alexsmobs:bison":1,"alexsmobs:kangaroo":1,"minecraft:pig":8,"minecraft:iron_golem":1,"alexsmobs:rhinoceros":1,"minecraft:creeper":12,"minecraft:zombie":27,"alexsmobs:gazelle":4,"creeperoverhaul:savannah_creeper":1,"minecraft:enderman":1}},"DataVersion":3465}