{"stats":{"minecraft:killed_by":{"alexsmobs:crocodile":1},"minecraft:crafted":{"minecraft:coal_block":1,"minecraft:oak_door":3,"minecraft:oak_planks":300,"minecraft:arrow":160,"minecraft:emerald":12,"minecraft:crafting_table":3,"minecraft:wooden_pickaxe":1,"minecraft:iron_helmet":1,"alexsmobs:cooked_kangaroo_meat":2,"minecraft:furnace":2,"minecraft:copper_ingot":6,"minecraft:stone_axe":1,"minecraft:cooked_mutton":1,"minecraft:bread":42,"minecraft:air":0,"useless_sword:coal_sword":1,"minecraft:oak_boat":1,"minecraft:bow":1,"minecraft:iron_boots":1,"minecraft:iron_chestplate":1,"minecraft:diamond_pickaxe":1,"minecraft:shield":1,"minecraft:stick":420,"minecraft:iron_ingot":29,"minecraft:iron_pickaxe":1,"minecraft:stone_pickaxe":2,"minecraft:wooden_axe":1,"minecraft:stone_sword":2,"minecraft:chest":4,"minecraft:iron_leggings":1,"chococraft:chocobo_saddle":2,"useless_sword:copper_sword":1,"minecraft:acacia_planks":64,"minecraft:torch":184,"minecraft:wheat":126},"minecraft:mined":{"minecraft:deepslate_diamond_ore":6,"minecraft:crafting_table":5,"gravestone:gravestone":2,"minecraft:granite":3,"minecraft:acacia_log":11,"minecraft:grass_block":1,"minecraft:chest":2,"minecraft:copper_ore":3,"minecraft:tall_grass":2,"minecraft:cobblestone":6,"minecraft:sugar_cane":6,"minecraft:oak_planks":1,"minecraft:diorite":21,"minecraft:wall_torch":1,"minecraft:hay_block":14,"minecraft:furnace":4,"minecraft:iron_ore":31,"minecraft:fire":5,"minecraft:andesite":16,"minecraft:grass":80,"minecraft:coal_ore":67,"chococraft:gysahl_green":11,"minecraft:oak_log":90,"minecraft:stone":152,"minecraft:oak_leaves":6,"minecraft:deepslate":3},"minecraft:used":{"minecraft:cooked_mutton":1,"minecraft:diorite":4,"minecraft:stone_sword":19,"minecraft:stone_pickaxe":262,"minecraft:oak_planks":64,"minecraft:shield":2,"minecraft:chest":4,"minecraft:wooden_pickaxe":40,"minecraft:sugar_cane":4,"minecraft:oak_door":2,"minecraft:torch":186,"minecraft:crafting_table":7,"alexsmobs:cooked_kangaroo_meat":2,"minecraft:granite":1,"minecraft:wooden_axe":59,"chococraft:gysahl_green_seeds":7,"minecraft:bread":24,"minecraft:iron_pickaxe":11,"useless_sword:copper_sword":102,"minecraft:stone_axe":114,"minecraft:bow":2,"minecraft:cobblestone":76,"minecraft:furnace":6,"minecraft:oak_sapling":25,"minecraft:andesite":1,"minecraft:oak_boat":3,"chococraft:gysahl_green":4,"alexsmobs:animal_dictionary":2,"minecraft:cooked_beef":4,"minecraft:potato":11,"minecraft:acacia_planks":19},"minecraft:broken":{"minecraft:stone_pickaxe":2,"minecraft:stone_axe":1,"minecraft:wooden_pickaxe":1},"minecraft:picked_up":{"minecraft:crafting_table":5,"chococraft:loverly_gysahl_green":2,"minecraft:cooked_beef":7,"minecraft:andesite":16,"minecraft:leather":2,"alexsmobs:acacia_blossom":2,"minecraft:oak_log":87,"gravestone:obituary":2,"minecraft:gunpowder":6,"minecraft:string":8,"alexsmobs:gazelle_horn":1,"minecraft:dirt":15,"minecraft:raw_copper":9,"chococraft:chocobo_feather":3,"minecraft:bone":7,"chococraft:gysahl_green":29,"minecraft:apple":9,"chococraft:gold_gysahl":1,"minecraft:bow":1,"minecraft:wheat_seeds":11,"minecraft:cobbled_deepslate":3,"minecraft:oak_boat":2,"minecraft:oak_planks":1,"minecraft:chest":2,"minecraft:sugar_cane":10,"minecraft:acacia_sapling":9,"minecraft:furnace":4,"minecraft:raw_iron":29,"minecraft:stick":36,"minecraft:copper_ingot":3,"minecraft:acacia_log":16,"minecraft:torch":2,"minecraft:dandelion":1,"minecraft:porkchop":8,"chococraft:gysahl_green_seeds":11,"minecraft:diorite":20,"minecraft:spider_eye":3,"alexsmobs:kangaroo_hide":2,"minecraft:stone_sword":2,"minecraft:arrow":7,"minecraft:rotten_flesh":5,"minecraft:diamond":6,"minecraft:hay_block":14,"minecraft:granite":3,"minecraft:oak_sapling":34,"minecraft:mutton":1,"minecraft:coal":148,"alexsmobs:kangaroo_meat":2,"minecraft:cobblestone":159},"minecraft:dropped":{"minecraft:stone_sword":2,"minecraft:stick":1,"minecraft:diorite":16,"minecraft:andesite":15,"gravestone:obituary":2},"minecraft:custom":{"minecraft:interact_with_furnace":29,"minecraft:mob_kills":46,"minecraft:traded_with_villager":23,"minecraft:interact_with_crafting_table":41,"minecraft:leave_game":5,"minecraft:time_since_death":76428,"minecraft:sleep_in_bed":4,"minecraft:time_since_rest":62039,"minecraft:sprint_one_cm":312221,"minecraft:damage_taken":2453,"minecraft:walk_one_cm":306260,"minecraft:damage_blocked_by_shield":135,"minecraft:drop":7,"minecraft:damage_dealt":8253,"minecraft:talked_to_villager":13,"minecraft:swim_one_cm":43838,"minecraft:fly_one_cm":562051,"minecraft:open_chest":35,"minecraft:crouch_one_cm":6019,"minecraft:play_time":176972,"minecraft:deaths":3,"minecraft:sneak_time":1981,"minecraft:walk_under_water_one_cm":33283,"minecraft:boat_one_cm":18540,"minecraft:jump":2301,"minecraft:walk_on_water_one_cm":38823,"minecraft:total_world_time":176972,"minecraft:fall_one_cm":66221},"minecraft:killed":{"minecraft:pig":4,"alexsmobs:raccoon":1,"minecraft:spider":7,"alexsmobs:rhinoceros":1,"minecraft:creeper":6,"minecraft:horse":1,"minecraft:skeleton":10,"minecraft:zombie":7,"alexsmobs:gazelle":4,"creeperoverhaul:savannah_creeper":1,"alexsmobs:kangaroo":1}},"DataVersion":3465}