{"stats":{"minecraft:killed":{"alexsmobs:raccoon":1,"minecraft:spider":1,"alexsmobs:rhinoceros":1,"minecraft:creeper":3,"minecraft:skeleton":3,"minecraft:zombie":3,"alexsmobs:gazelle":4,"creeperoverhaul:savannah_creeper":1,"alexsmobs:kangaroo":1},"minecraft:custom":{"minecraft:interact_with_furnace":13,"minecraft:mob_kills":19,"minecraft:interact_with_crafting_table":18,"minecraft:time_since_death":9552,"minecraft:sleep_in_bed":2,"minecraft:time_since_rest":9584,"minecraft:sprint_one_cm":109241,"minecraft:damage_taken":873,"minecraft:walk_one_cm":119440,"minecraft:drop":7,"minecraft:damage_dealt":3558,"minecraft:swim_one_cm":13512,"minecraft:talked_to_villager":2,"minecraft:fly_one_cm":175487,"minecraft:open_chest":9,"minecraft:crouch_one_cm":1770,"minecraft:play_time":51168,"minecraft:deaths":1,"minecraft:sneak_time":786,"minecraft:walk_under_water_one_cm":11642,"minecraft:boat_one_cm":18540,"minecraft:jump":783,"minecraft:walk_on_water_one_cm":8922,"minecraft:total_world_time":51168,"minecraft:fall_one_cm":23209},"minecraft:mined":{"minecraft:crafting_table":4,"gravestone:gravestone":1,"minecraft:acacia_log":11,"minecraft:grass_block":1,"minecraft:copper_ore":3,"minecraft:cobblestone":5,"minecraft:sugar_cane":4,"minecraft:diorite":16,"minecraft:hay_block":6,"minecraft:furnace":3,"minecraft:iron_ore":14,"minecraft:andesite":15,"minecraft:grass":17,"chococraft:gysahl_green":11,"minecraft:oak_log":11,"minecraft:coal_ore":66,"minecraft:stone":124},"minecraft:crafted":{"minecraft:coal_block":1,"minecraft:oak_planks":44,"minecraft:crafting_table":2,"minecraft:wooden_pickaxe":1,"alexsmobs:cooked_kangaroo_meat":2,"minecraft:furnace":1,"minecraft:copper_ingot":6,"minecraft:stone_axe":1,"minecraft:bread":18,"minecraft:cooked_mutton":1,"minecraft:air":0,"minecraft:oak_boat":1,"minecraft:iron_boots":1,"minecraft:shield":1,"minecraft:stick":36,"minecraft:iron_ingot":6,"minecraft:stone_pickaxe":2,"minecraft:wooden_axe":1,"minecraft:chest":2,"minecraft:stone_sword":1,"useless_sword:copper_sword":1,"minecraft:acacia_planks":64,"minecraft:torch":128,"minecraft:wheat":54},"minecraft:broken":{"minecraft:stone_pickaxe":1},"minecraft:dropped":{"minecraft:stone_sword":2,"minecraft:stick":1,"minecraft:diorite":16,"minecraft:andesite":15,"gravestone:obituary":2},"minecraft:used":{"minecraft:cooked_mutton":1,"minecraft:stone_pickaxe":236,"minecraft:oak_planks":5,"minecraft:chest":2,"minecraft:wooden_pickaxe":11,"minecraft:torch":79,"minecraft:crafting_table":6,"alexsmobs:cooked_kangaroo_meat":2,"minecraft:wooden_axe":20,"chococraft:gysahl_green_seeds":7,"minecraft:bread":7,"useless_sword:copper_sword":40,"minecraft:stone_axe":51,"minecraft:bow":2,"minecraft:cobblestone":5,"minecraft:furnace":3,"minecraft:oak_boat":2,"chococraft:gysahl_green":4,"alexsmobs:animal_dictionary":2,"minecraft:acacia_planks":18},"minecraft:picked_up":{"minecraft:crafting_table":4,"chococraft:loverly_gysahl_green":2,"minecraft:andesite":15,"alexsmobs:acacia_blossom":2,"minecraft:oak_log":11,"gravestone:obituary":2,"minecraft:gunpowder":3,"alexsmobs:gazelle_horn":1,"minecraft:dirt":1,"minecraft:string":2,"minecraft:raw_copper":9,"minecraft:bone":1,"chococraft:gysahl_green":29,"chococraft:gold_gysahl":1,"minecraft:bow":1,"minecraft:wheat_seeds":1,"minecraft:oak_boat":2,"minecraft:sugar_cane":6,"minecraft:acacia_sapling":9,"minecraft:furnace":3,"minecraft:raw_iron":14,"minecraft:stick":13,"minecraft:copper_ingot":3,"minecraft:acacia_log":16,"chococraft:gysahl_green_seeds":11,"minecraft:diorite":16,"minecraft:spider_eye":1,"minecraft:stone_sword":2,"alexsmobs:kangaroo_hide":2,"minecraft:arrow":2,"minecraft:rotten_flesh":4,"minecraft:hay_block":6,"minecraft:oak_sapling":6,"minecraft:mutton":1,"minecraft:coal":134,"alexsmobs:kangaroo_meat":2,"minecraft:cobblestone":129}},"DataVersion":3465}