{"stats":{"minecraft:killed":{"minecraft:spider":2,"minecraft:skeleton":9,"alexsmobs:kangaroo":1,"minecraft:pig":1,"alexsmobs:seal":3,"alexsmobs:flutter":1,"minecraft:zombie":14,"alexsmobs:toucan":1,"minecraft:cow":1},"minecraft:custom":{"minecraft:mob_kills":33,"minecraft:interact_with_crafting_table":41,"minecraft:open_barrel":33,"minecraft:time_since_death":37905,"minecraft:climb_one_cm":1250,"minecraft:sprint_one_cm":211749,"minecraft:walk_one_cm":132367,"minecraft:damage_blocked_by_shield":945,"minecraft:drop":57,"minecraft:play_time":81763,"minecraft:deaths":3,"minecraft:sneak_time":2684,"minecraft:walk_under_water_one_cm":7659,"minecraft:boat_one_cm":213390,"minecraft:jump":1351,"minecraft:walk_on_water_one_cm":6536,"minecraft:total_world_time":81763,"minecraft:interact_with_furnace":47,"minecraft:interact_with_grindstone":1,"minecraft:time_since_rest":39327,"minecraft:damage_taken":2636,"minecraft:damage_dealt":6131,"minecraft:player_kills":1,"minecraft:swim_one_cm":1340,"minecraft:fly_one_cm":216727,"minecraft:open_chest":20,"minecraft:crouch_one_cm":8854,"minecraft:interact_with_smoker":4,"minecraft:fall_one_cm":44094},"minecraft:killed_by":{"minecraft:player":1},"minecraft:crafted":{"minecraft:furnace":4,"minecraft:iron_boots":1,"minecraft:iron_axe":1,"minecraft:stone_pickaxe":2,"useless_sword:copper_sword":1,"minecraft:smoker":1,"minecraft:cooked_beef":2,"minecraft:crimson_planks":20,"minecraft:crafting_table":5,"minecraft:wooden_pickaxe":1,"minecraft:iron_helmet":1,"alexsmobs:cooked_kangaroo_meat":1,"minecraft:copper_ingot":4,"minecraft:bucket":1,"minecraft:stone_axe":6,"minecraft:acacia_boat":2,"minecraft:air":0,"minecraft:jungle_planks":256,"minecraft:iron_chestplate":2,"minecraft:shield":2,"minecraft:stick":16,"minecraft:iron_ingot":51,"minecraft:iron_pickaxe":2,"minecraft:stone_sword":2,"minecraft:iron_leggings":1,"minecraft:acacia_planks":24,"minecraft:torch":8},"minecraft:mined":{"alexsmobs:leafcutter_anthill":1,"minecraft:dark_oak_log":182,"minecraft:cave_vines_plant":1,"gravestone:gravestone":2,"minecraft:acacia_log":6,"minecraft:grass_block":4,"minecraft:jungle_log":98,"minecraft:coal_block":5,"minecraft:moss_block":5,"minecraft:crimson_stem":5,"minecraft:furnace":9,"minecraft:iron_ore":71,"minecraft:fire":1,"minecraft:deepslate_lapis_ore":5,"minecraft:anvil":1,"minecraft:deepslate_iron_ore":1,"minecraft:cave_vines":2,"chococraft:gysahl_green":19,"minecraft:shroomlight":2,"minecraft:vine":2,"minecraft:warped_stem":8,"minecraft:bamboo":2,"minecraft:stone":67,"minecraft:acacia_leaves":1,"minecraft:smoker":1,"minecraft:crafting_table":10,"minecraft:torch":3,"minecraft:lectern":1,"minecraft:copper_ore":1,"minecraft:tall_grass":17,"minecraft:cobblestone":5,"minecraft:lapis_ore":1,"minecraft:oak_planks":1,"minecraft:sugar_cane":6,"minecraft:wall_torch":4,"minecraft:warped_wart_block":66,"minecraft:nether_wart_block":51,"minecraft:spruce_log":86,"minecraft:smooth_stone_slab":3,"minecraft:grass":57,"minecraft:oak_log":49,"minecraft:coal_ore":32,"minecraft:cocoa":3,"minecraft:dirt":2,"minecraft:cobweb":24,"minecraft:stone_bricks":1,"minecraft:mossy_stone_bricks":1,"minecraft:oak_leaves":1,"minecraft:fern":3},"minecraft:broken":{"minecraft:stone_axe":3},"minecraft:dropped":{"minecraft:water_bucket":2,"minecraft:moss_block":1,"minecraft:wheat_seeds":1,"minecraft:feather":2,"minecraft:weeping_vines":3,"minecraft:glow_berries":1,"chococraft:gysahl_green_seeds":3,"minecraft:jungle_planks":99,"minecraft:acacia_log":23,"minecraft:dirt":2,"minecraft:wooden_axe":1,"minecraft:nether_wart_block":14,"gravestone:obituary":2,"minecraft:writable_book":1,"minecraft:acacia_planks":47,"minecraft:spruce_sapling":10,"minecraft:bone":1,"minecraft:stone_axe":4,"minecraft:moss_carpet":1,"minecraft:iron_nugget":9,"alexsmobs:gazelle_horn":2,"alexsmobs:acacia_blossom":1,"minecraft:stone_sword":2,"alexsmobs:animal_dictionary":1,"minecraft:rotten_flesh":13,"minecraft:diamond_chestplate":1,"minecraft:andesite":54,"minecraft:mossy_stone_bricks":1,"minecraft:arrow":2,"minecraft:bow":3,"minecraft:stone_pickaxe":5,"minecraft:wooden_pickaxe":1,"minecraft:warped_wart_block":47,"chococraft:gysahl_green":3},"minecraft:used":{"minecraft:stone_sword":36,"minecraft:shield":14,"minecraft:iron_sword":34,"minecraft:iron_chestplate":1,"minecraft:torch":16,"minecraft:dirt":2,"minecraft:jungle_planks":128,"alexsmobs:cooked_kangaroo_meat":1,"minecraft:shroomlight":2,"minecraft:lava_bucket":8,"minecraft:iron_axe":16,"minecraft:iron_helmet":1,"minecraft:stone_bricks":1,"minecraft:item_frame":1,"minecraft:bow":1,"minecraft:golden_carrot":6,"minecraft:furnace":9,"minecraft:cooked_beef":1,"minecraft:iron_leggings":1,"minecraft:acacia_boat":2,"minecraft:water_bucket":4,"minecraft:stone_pickaxe":105,"minecraft:oak_planks":1,"minecraft:wooden_pickaxe":9,"minecraft:crafting_table":12,"minecraft:smoker":1,"chococraft:gysahl_green_seeds":7,"minecraft:bread":15,"minecraft:iron_pickaxe":100,"useless_sword:copper_sword":35,"minecraft:stone_axe":607,"minecraft:nether_wart_block":12,"minecraft:cobblestone":14,"minecraft:bucket":14,"chococraft:gysahl_green":35,"alexsmobs:animal_dictionary":1,"minecraft:chainmail_leggings":1},"minecraft:picked_up":{"minecraft:cocoa_beans":7,"minecraft:crafting_table":10,"chococraft:loverly_gysahl_green":1,"minecraft:string":24,"minecraft:moss_carpet":1,"minecraft:raw_copper":4,"minecraft:iron_axe":1,"minecraft:smooth_stone_slab":3,"minecraft:item_frame":1,"minecraft:shroomlight":2,"minecraft:bucket":1,"minecraft:beef":2,"minecraft:jungle_sapling":2,"minecraft:iron_nugget":6,"minecraft:lectern":1,"minecraft:coal_block":5,"minecraft:sugar_cane":9,"minecraft:furnace":8,"minecraft:dark_oak_sapling":8,"minecraft:stick":19,"minecraft:raw_iron":72,"minecraft:torch":6,"minecraft:acacia_log":6,"minecraft:porkchop":1,"minecraft:arrow":3,"minecraft:rotten_flesh":13,"minecraft:weeping_vines":3,"minecraft:glow_berries":1,"minecraft:mutton":2,"alexsmobs:kangaroo_meat":1,"minecraft:cobblestone":114,"minecraft:feather":2,"minecraft:water_bucket":1,"minecraft:crimson_stem":5,"minecraft:jungle_log":97,"minecraft:leather":1,"minecraft:smoker":1,"minecraft:oak_log":49,"minecraft:nether_wart_block":26,"minecraft:acacia_boat":2,"minecraft:lapis_lazuli":36,"minecraft:dirt":11,"minecraft:bone":7,"chococraft:gysahl_green":43,"minecraft:acacia_planks":64,"minecraft:apple":3,"minecraft:stone_bricks":1,"minecraft:bow":3,"minecraft:wheat_seeds":4,"minecraft:warped_stem":7,"minecraft:mossy_stone_bricks":1,"minecraft:bamboo":14,"minecraft:moss_block":5,"minecraft:oak_planks":1,"minecraft:acacia_sapling":1,"minecraft:iron_sword":1,"minecraft:warped_wart_block":47,"minecraft:jungle_planks":268,"minecraft:spruce_sapling":4,"chococraft:gysahl_green_seeds":18,"minecraft:spruce_log":85,"minecraft:dark_oak_log":152,"minecraft:spider_eye":1,"alexsmobs:kangaroo_hide":2,"minecraft:writable_book":1,"minecraft:oak_sapling":9,"minecraft:coal":57}},"DataVersion":3465}