{"stats":{"minecraft:killed":{"minecraft:pig":1,"minecraft:spider":1,"minecraft:skeleton":3,"minecraft:zombie":4,"alexsmobs:kangaroo":1},"minecraft:custom":{"minecraft:interact_with_furnace":13,"minecraft:mob_kills":10,"minecraft:interact_with_crafting_table":16,"minecraft:open_barrel":33,"minecraft:interact_with_grindstone":1,"minecraft:time_since_death":1905,"minecraft:time_since_rest":3327,"minecraft:sprint_one_cm":122115,"minecraft:damage_taken":1818,"minecraft:walk_one_cm":81926,"minecraft:damage_blocked_by_shield":225,"minecraft:drop":27,"minecraft:damage_dealt":2385,"minecraft:swim_one_cm":810,"minecraft:fly_one_cm":101458,"minecraft:player_kills":1,"minecraft:open_chest":18,"minecraft:crouch_one_cm":4901,"minecraft:play_time":45763,"minecraft:deaths":3,"minecraft:sneak_time":1333,"minecraft:walk_under_water_one_cm":6628,"minecraft:boat_one_cm":173745,"minecraft:jump":640,"minecraft:walk_on_water_one_cm":2983,"minecraft:total_world_time":45763,"minecraft:fall_one_cm":18850},"minecraft:killed_by":{"minecraft:player":1},"minecraft:crafted":{"minecraft:crimson_planks":8,"minecraft:crafting_table":3,"minecraft:wooden_pickaxe":1,"alexsmobs:cooked_kangaroo_meat":1,"minecraft:furnace":1,"minecraft:stone_axe":4,"minecraft:acacia_boat":1,"minecraft:air":0,"minecraft:iron_chestplate":1,"minecraft:shield":1,"minecraft:stick":12,"minecraft:iron_ingot":12,"minecraft:iron_pickaxe":1,"minecraft:stone_pickaxe":2,"minecraft:stone_sword":2,"minecraft:acacia_planks":24,"minecraft:torch":4},"minecraft:mined":{"minecraft:acacia_leaves":1,"minecraft:dark_oak_log":96,"minecraft:crafting_table":5,"minecraft:torch":2,"gravestone:gravestone":2,"minecraft:acacia_log":6,"minecraft:grass_block":2,"minecraft:lectern":1,"minecraft:coal_block":5,"minecraft:tall_grass":11,"minecraft:cobblestone":5,"minecraft:moss_block":1,"minecraft:oak_planks":1,"minecraft:wall_torch":2,"minecraft:crimson_stem":5,"minecraft:furnace":2,"minecraft:nether_wart_block":51,"minecraft:iron_ore":14,"minecraft:spruce_log":86,"minecraft:smooth_stone_slab":3,"minecraft:anvil":1,"minecraft:grass":38,"chococraft:gysahl_green":9,"minecraft:coal_ore":23,"minecraft:oak_log":31,"minecraft:vine":1,"minecraft:dirt":2,"minecraft:cobweb":24,"minecraft:stone_bricks":1,"minecraft:stone":47,"minecraft:mossy_stone_bricks":1,"minecraft:oak_leaves":1,"minecraft:fern":1},"minecraft:broken":{"minecraft:stone_axe":1},"minecraft:dropped":{"minecraft:water_bucket":2,"minecraft:moss_carpet":1,"minecraft:stone_axe":3,"minecraft:moss_block":1,"minecraft:wheat_seeds":1,"alexsmobs:gazelle_horn":2,"alexsmobs:acacia_blossom":1,"minecraft:stone_sword":1,"alexsmobs:animal_dictionary":1,"minecraft:rotten_flesh":1,"minecraft:acacia_log":23,"minecraft:dirt":2,"minecraft:diamond_chestplate":1,"minecraft:andesite":54,"minecraft:wooden_axe":1,"minecraft:mossy_stone_bricks":1,"minecraft:writable_book":1,"gravestone:obituary":1,"minecraft:wooden_pickaxe":1,"minecraft:stone_pickaxe":4,"minecraft:spruce_sapling":10},"minecraft:used":{"minecraft:acacia_boat":1,"minecraft:water_bucket":2,"minecraft:stone_sword":17,"minecraft:stone_pickaxe":76,"minecraft:oak_planks":1,"minecraft:shield":3,"minecraft:wooden_pickaxe":9,"minecraft:iron_sword":34,"minecraft:iron_chestplate":1,"minecraft:torch":10,"minecraft:crafting_table":5,"alexsmobs:cooked_kangaroo_meat":1,"minecraft:lava_bucket":8,"minecraft:iron_axe":9,"minecraft:bread":15,"minecraft:iron_pickaxe":21,"minecraft:nether_wart_block":11,"minecraft:stone_bricks":1,"minecraft:item_frame":1,"minecraft:stone_axe":297,"minecraft:cobblestone":14,"minecraft:furnace":2,"minecraft:bucket":11,"chococraft:gysahl_green":15,"alexsmobs:animal_dictionary":1,"minecraft:iron_leggings":1,"minecraft:chainmail_leggings":1},"minecraft:picked_up":{"minecraft:crafting_table":5,"minecraft:crimson_stem":5,"minecraft:water_bucket":1,"minecraft:oak_log":31,"minecraft:nether_wart_block":26,"minecraft:acacia_boat":1,"minecraft:string":24,"minecraft:dirt":9,"minecraft:moss_carpet":1,"minecraft:iron_axe":1,"minecraft:smooth_stone_slab":3,"minecraft:item_frame":1,"chococraft:gysahl_green":19,"minecraft:apple":2,"minecraft:stone_bricks":1,"minecraft:wheat_seeds":4,"minecraft:bucket":1,"minecraft:mossy_stone_bricks":1,"minecraft:lectern":1,"minecraft:coal_block":5,"minecraft:moss_block":1,"minecraft:iron_sword":1,"minecraft:acacia_sapling":1,"minecraft:oak_planks":1,"minecraft:furnace":1,"minecraft:dark_oak_sapling":1,"minecraft:raw_iron":14,"minecraft:stick":8,"minecraft:torch":3,"minecraft:acacia_log":6,"minecraft:porkchop":1,"chococraft:gysahl_green_seeds":8,"minecraft:spruce_sapling":4,"minecraft:spruce_log":85,"minecraft:spider_eye":1,"minecraft:dark_oak_log":66,"alexsmobs:kangaroo_hide":2,"minecraft:weeping_vines":3,"minecraft:rotten_flesh":1,"minecraft:writable_book":1,"minecraft:oak_sapling":5,"minecraft:mutton":2,"alexsmobs:kangaroo_meat":1,"minecraft:coal":43,"minecraft:cobblestone":95}},"DataVersion":3465}