{"stats":{"minecraft:killed":{"minecraft:cave_spider":2,"minecraft:spider":14,"creeperoverhaul:bamboo_creeper":1,"minecraft:skeleton":30,"alexsmobs:orca":1,"creeperoverhaul:dark_oak_creeper":1,"alexsmobs:straddler":3,"alexsmobs:kangaroo":1,"minecraft:wolf":1,"minecraft:pig":6,"alexsmobs:seal":6,"minecraft:iron_golem":7,"alexsmobs:stradpole":1,"minecraft:creeper":6,"minecraft:sheep":9,"minecraft:trader_llama":2,"alexsmobs:flutter":1,"minecraft:zombie":56,"alexsmobs:toucan":1,"minecraft:stray":11,"minecraft:blaze":3,"minecraft:cow":9,"chococraft:chocobo":1,"minecraft:vex":1,"alexsmobs:raccoon":1,"minecraft:drowned":15,"goblintraders:goblin_trader":1,"alexsmobs:crocodile":1,"minecraft:wither_skeleton":2},"minecraft:custom":{"minecraft:interact_with_crafting_table":122,"minecraft:open_barrel":38,"goblintraders:trade_with_goblin":39,"minecraft:bell_ring":120,"minecraft:leave_game":3,"minecraft:time_since_death":5470,"minecraft:sprint_one_cm":1054057,"minecraft:damage_blocked_by_shield":4500,"minecraft:drop":290,"minecraft:talked_to_villager":60,"minecraft:play_time":363389,"minecraft:deaths":24,"minecraft:jump":6778,"minecraft:walk_on_water_one_cm":67383,"minecraft:interact_with_furnace":95,"minecraft:traded_with_villager":465,"minecraft:sleep_in_bed":6,"minecraft:damage_dealt":41495,"minecraft:player_kills":5,"minecraft:crouch_one_cm":50409,"minecraft:interact_with_smoker":25,"minecraft:mob_kills":196,"minecraft:climb_one_cm":7707,"minecraft:walk_one_cm":620168,"minecraft:sneak_time":17052,"minecraft:walk_under_water_one_cm":92628,"minecraft:boat_one_cm":321123,"minecraft:interact_with_blast_furnace":18,"minecraft:total_world_time":363389,"minecraft:interact_with_stonecutter":1,"minecraft:interact_with_grindstone":1,"minecraft:time_since_rest":5494,"minecraft:damage_taken":19443,"minecraft:swim_one_cm":120429,"minecraft:fly_one_cm":1295162,"minecraft:open_chest":265,"minecraft:fall_one_cm":203527},"minecraft:killed_by":{"alexsmobs:straddler":3,"alexsmobs:crocodile":1,"minecraft:player":4},"minecraft:crafted":{"securitycraft:mine":18,"minecraft:oak_planks":56,"minecraft:dark_oak_boat":3,"minecraft:stone":16,"securitycraft:keypad_item":1,"minecraft:heavy_weighted_pressure_plate":1,"minecraft:cooked_mutton":10,"minecraft:suspicious_stew":1,"securitycraft:laser_block":1,"minecraft:glass":7,"minecraft:dark_oak_door":3,"minecraft:bow":2,"minecraft:iron_boots":2,"minecraft:chest":11,"alexsmobs:cooked_catfish":2,"minecraft:smoker":1,"minecraft:emerald":363,"minecraft:cooked_porkchop":10,"minecraft:diamond_axe":3,"minecraft:crafting_table":12,"minecraft:spruce_planks":5592,"securitycraft:reinforced_stone_button":9,"minecraft:iron_helmet":1,"minecraft:wooden_pickaxe":2,"minecraft:baked_potato":7,"minecraft:copper_ingot":4,"minecraft:gold_block":1,"useless_sword:coal_sword":1,"minecraft:apple":48,"minecraft:emerald_block":1,"minecraft:iron_chestplate":4,"minecraft:diamond_pickaxe":1,"minecraft:shield":4,"minecraft:stick":11041,"minecraft:iron_ingot":166,"minecraft:iron_pickaxe":4,"minecraft:stone_sword":3,"minecraft:gold_ingot":47,"useless_sword:lapis_lazuli_sword":1,"securitycraft:universal_block_reinforcer_lvl1":1,"minecraft:golden_carrot":129,"useless_sword:emerald_stick":4,"minecraft:cookie":576,"minecraft:stone_shovel":2,"minecraft:furnace":7,"minecraft:blast_furnace":2,"minecraft:bone_meal":84,"minecraft:glass_pane":16,"minecraft:flint_and_steel":1,"minecraft:iron_axe":3,"minecraft:ladder":6,"minecraft:iron_hoe":1,"minecraft:stone_pickaxe":4,"minecraft:spruce_boat":2,"useless_sword:copper_sword":1,"minecraft:redstone_block":1,"minecraft:dark_oak_planks":352,"minecraft:wheat":81,"minecraft:cooked_beef":21,"minecraft:coal_block":1,"minecraft:crimson_planks":20,"alexsmobs:cooked_kangaroo_meat":1,"minecraft:iron_sword":1,"useless_sword:emerald_sword":1,"securitycraft:taser":1,"minecraft:bucket":2,"minecraft:stone_axe":16,"minecraft:acacia_boat":4,"minecraft:bread":87,"minecraft:air":0,"minecraft:jungle_planks":256,"securitycraft:dirt_mine":6,"minecraft:wooden_axe":1,"minecraft:iron_shovel":1,"minecraft:iron_leggings":2,"minecraft:armor_stand":1,"minecraft:stonecutter":1,"minecraft:white_bed":2,"securitycraft:stone_mine":4,"minecraft:acacia_planks":116,"minecraft:torch":52,"minecraft:lapis_block":2},"minecraft:mined":{"minecraft:dark_oak_planks":9,"securitycraft:mine":4,"minecraft:spruce_planks":5,"minecraft:white_bed":7,"minecraft:jungle_slab":2,"alexsmobs:leafcutter_anthill":1,"minecraft:obsidian":4,"minecraft:granite":13,"minecraft:spruce_trapdoor":9,"minecraft:cave_vines_plant":2,"minecraft:acacia_log":29,"minecraft:grass_block":37,"minecraft:jungle_log":98,"minecraft:coal_block":5,"minecraft:light_blue_stained_glass":2,"minecraft:spawner":1,"minecraft:smooth_stone":8,"minecraft:tall_seagrass":1,"minecraft:cobbled_deepslate":1,"minecraft:iron_ore":129,"minecraft:fire":60,"minecraft:pumpkin":14,"minecraft:deepslate_lapis_ore":5,"minecraft:anvil":1,"alexsmobs:crocodile_egg":1,"chococraft:gysahl_green":47,"minecraft:cave_vines":2,"minecraft:dirt_path":11,"minecraft:spruce_slab":1,"minecraft:deepslate_redstone_ore":14,"minecraft:brown_mushroom":3,"minecraft:red_bed":1,"minecraft:smoker":4,"minecraft:clay":2,"minecraft:torch":10,"minecraft:blast_furnace":2,"minecraft:poppy":3,"minecraft:cobblestone":20,"minecraft:bricks":12,"minecraft:oak_planks":6,"minecraft:sugar_cane":91,"minecraft:wall_torch":5,"minecraft:deepslate_copper_ore":2,"minecraft:seagrass":2,"minecraft:nether_wart_block":51,"minecraft:wheat":2,"minecraft:smooth_stone_slab":3,"minecraft:grass":165,"minecraft:oak_log":97,"minecraft:sand":15,"minecraft:dirt":154,"securitycraft:stone_mine":3,"structure_gel:dynamic_spawner":4,"minecraft:stonecutter":7,"minecraft:deepslate":3,"minecraft:oak_leaves":3,"minecraft:tuff":2,"minecraft:mossy_cobblestone":2,"minecraft:deepslate_diamond_ore":7,"minecraft:dark_oak_log":183,"minecraft:glow_lichen":1,"gravestone:gravestone":15,"minecraft:spruce_leaves":23,"minecraft:moss_block":5,"minecraft:crimson_stem":5,"minecraft:large_fern":11,"minecraft:hay_block":9,"minecraft:redstone_ore":5,"minecraft:furnace":19,"minecraft:spruce_sapling":13,"minecraft:carrots":2,"minecraft:andesite":11,"minecraft:stripped_spruce_log":1,"minecraft:peony":1,"minecraft:gold_block":8,"minecraft:potatoes":51,"minecraft:shroomlight":2,"minecraft:deepslate_iron_ore":20,"minecraft:vine":3,"minecraft:warped_stem":8,"minecraft:packed_ice":1,"minecraft:bamboo":3,"minecraft:stone":215,"minecraft:white_wool":1,"minecraft:smithing_table":2,"minecraft:light_gray_carpet":1,"minecraft:acacia_leaves":1,"minecraft:basalt":29,"minecraft:crafting_table":20,"minecraft:rose_bush":6,"minecraft:lectern":1,"minecraft:brain_coral_fan":1,"minecraft:tall_grass":38,"minecraft:copper_ore":1,"minecraft:deepslate_gold_ore":8,"minecraft:lapis_ore":5,"minecraft:blue_bed":1,"minecraft:diorite":20,"minecraft:warped_wart_block":66,"minecraft:purple_bed":5,"minecraft:redstone_torch":1,"minecraft:sweet_berry_bush":9,"minecraft:white_carpet":1,"minecraft:spruce_log":1497,"securitycraft:dirt_mine":2,"minecraft:coal_ore":133,"minecraft:cocoa":3,"minecraft:cyan_carpet":2,"minecraft:gravel":19,"minecraft:cobweb":24,"minecraft:stone_bricks":1,"minecraft:mossy_stone_bricks":1,"minecraft:fern":11},"minecraft:broken":{"minecraft:iron_boots":1,"minecraft:iron_leggings":1,"minecraft:stone_axe":3,"minecraft:shield":1,"minecraft:diamond_axe":1,"minecraft:iron_axe":1,"minecraft:iron_helmet":1},"minecraft:dropped":{"minecraft:acacia_boat":1,"minecraft:moss_block":5,"minecraft:oak_log":11,"minecraft:baked_potato":3,"minecraft:diamond":2,"minecraft:crafting_table":1,"minecraft:tube_coral_block":1,"minecraft:cooked_porkchop":4,"minecraft:glow_berries":1,"minecraft:weeping_vines":3,"minecraft:cookie":559,"minecraft:jungle_planks":99,"minecraft:saddle":1,"minecraft:emerald":54,"minecraft:dirt":7,"minecraft:bubble_coral_block":1,"gravestone:obituary":48,"minecraft:writable_book":1,"minecraft:gold_nugget":8,"minecraft:sand":9,"minecraft:iron_pickaxe":3,"minecraft:dark_oak_planks":26,"minecraft:white_wool":6,"minecraft:gold_ingot":10,"minecraft:bone":1,"minecraft:oak_door":2,"minecraft:dark_oak_door":6,"minecraft:stone_axe":13,"minecraft:sugar_cane":105,"minecraft:iron_nugget":9,"alexsmobs:gazelle_horn":2,"alexsmobs:animal_dictionary":1,"minecraft:cobbled_deepslate":6,"minecraft:rotten_flesh":59,"minecraft:oak_planks":47,"minecraft:light_gray_carpet":1,"minecraft:carrot":8,"alexsmobs:cachalot_whale_tooth":1,"minecraft:poppy":3,"minecraft:tipped_arrow":5,"minecraft:chest":1,"minecraft:acacia_sapling":13,"minecraft:arrow":114,"minecraft:warped_wart_block":47,"minecraft:bread":131,"minecraft:iron_ingot":5,"minecraft:water_bucket":2,"minecraft:golden_boots":1,"minecraft:stripped_spruce_log":1,"minecraft:wheat_seeds":26,"minecraft:mossy_cobblestone":1,"minecraft:smithing_table":1,"minecraft:feather":2,"minecraft:iron_helmet":1,"minecraft:cobblestone":3,"chococraft:gysahl_green_seeds":15,"minecraft:acacia_log":23,"minecraft:stick":6,"minecraft:jungle_slab":1,"minecraft:diorite":14,"minecraft:golden_carrot":8,"minecraft:torch":64,"minecraft:wooden_axe":3,"chococraft:chocobo_drumstick_raw":1,"minecraft:nether_wart_block":14,"minecraft:iron_leggings":1,"minecraft:iron_axe":1,"minecraft:iron_shovel":1,"minecraft:string":3,"minecraft:acacia_planks":47,"minecraft:spruce_sapling":10,"minecraft:bamboo_planks":4,"minecraft:furnace":5,"minecraft:bricks":1,"minecraft:moss_carpet":1,"minecraft:sweet_berries":12,"alexsmobs:acacia_blossom":2,"minecraft:stone_sword":2,"minecraft:raw_copper":9,"minecraft:cocoa_beans":1,"chococraft:chocobo_feather":3,"minecraft:tuff":2,"minecraft:stone_shovel":3,"minecraft:white_carpet":2,"minecraft:clay_ball":8,"minecraft:iron_boots":1,"securitycraft:reinforced_cobblestone":4,"minecraft:suspicious_stew":1,"minecraft:flint_and_steel":1,"minecraft:filled_map":2,"minecraft:diamond_sword":1,"minecraft:shield":1,"useless_sword:coal_sword":1,"minecraft:diamond_chestplate":2,"minecraft:spruce_planks":70,"minecraft:andesite":54,"minecraft:mossy_stone_bricks":1,"minecraft:oak_sapling":10,"minecraft:spider_eye":1,"minecraft:redstone_torch":4,"minecraft:bamboo":128,"minecraft:spruce_log":36,"minecraft:stone_pickaxe":7,"minecraft:bow":12,"minecraft:wooden_pickaxe":2,"chococraft:gysahl_green":3,"useless_sword:lapis_lazuli_sword":1},"minecraft:used":{"minecraft:iron_shovel":26,"minecraft:ladder":7,"minecraft:poppy":8,"minecraft:chest":4,"minecraft:shield":85,"minecraft:iron_sword":45,"minecraft:iron_chestplate":3,"securitycraft:keypad_item":1,"minecraft:jungle_planks":142,"useless_sword:vex_ectoplasm":1,"minecraft:carrot":11,"minecraft:jungle_slab":1,"minecraft:axolotl_bucket":3,"minecraft:spruce_boat":6,"minecraft:lava_bucket":18,"minecraft:bricks":12,"minecraft:iron_helmet":2,"useless_sword:emerald_sword":12,"minecraft:stone_bricks":1,"minecraft:item_frame":1,"minecraft:bow":1,"minecraft:dark_oak_boat":3,"minecraft:sweet_berries":22,"minecraft:oak_sapling":3,"minecraft:furnace":22,"minecraft:potato":122,"minecraft:diorite":8,"minecraft:stone_pickaxe":166,"minecraft:oak_planks":28,"minecraft:ender_pearl":1,"minecraft:wooden_pickaxe":13,"minecraft:sugar_cane":17,"minecraft:diamond_axe":1665,"minecraft:blue_bed":1,"minecraft:cookie":17,"useless_sword:charged_copper_sword":145,"minecraft:sand":1,"minecraft:blast_furnace":4,"minecraft:bread":85,"minecraft:gravel":10,"securitycraft:mine":11,"minecraft:stripped_warped_hyphae":1,"minecraft:nether_wart_block":12,"minecraft:smithing_table":1,"minecraft:andesite":1,"chococraft:gysahl_green":77,"minecraft:bone_meal":56,"minecraft:rose_bush":5,"minecraft:stone_sword":36,"minecraft:flint_and_steel":1,"useless_sword:lapis_lazuli_sword":126,"minecraft:armor_stand":3,"minecraft:stone_shovel":80,"minecraft:spruce_planks":77,"chococraft:loverly_gysahl_green":5,"minecraft:torch":77,"minecraft:dirt":85,"alexsmobs:cooked_kangaroo_meat":1,"minecraft:granite":13,"minecraft:shroomlight":2,"minecraft:iron_hoe":54,"minecraft:wooden_axe":59,"minecraft:dark_oak_planks":194,"minecraft:iron_axe":285,"minecraft:basalt":19,"minecraft:golden_carrot":65,"securitycraft:dirt_mine":5,"minecraft:cooked_beef":11,"minecraft:acacia_planks":25,"minecraft:iron_leggings":1,"securitycraft:stone_mine":3,"minecraft:wheat_seeds":1,"minecraft:cooked_mutton":2,"minecraft:acacia_boat":6,"minecraft:water_bucket":28,"minecraft:baked_potato":1,"chococraft:gold_gysahl":1,"minecraft:stonecutter":7,"minecraft:mossy_cobblestone":1,"minecraft:crafting_table":30,"minecraft:white_bed":8,"minecraft:smoker":5,"minecraft:dark_oak_door":1,"minecraft:spruce_log":3,"minecraft:oak_log":17,"minecraft:diamond_pickaxe":191,"minecraft:apple":1,"chococraft:gysahl_green_seeds":18,"minecraft:iron_pickaxe":394,"alexsmobs:crocodile_egg":1,"useless_sword:copper_sword":54,"minecraft:spruce_sapling":77,"minecraft:stone_axe":608,"minecraft:cobblestone":123,"minecraft:purple_bed":5,"minecraft:cooked_porkchop":6,"minecraft:bucket":52,"alexsmobs:animal_dictionary":1,"minecraft:chainmail_leggings":1},"minecraft:picked_up":{"minecraft:wooden_axe":1,"chococraft:loverly_gysahl_green":5,"minecraft:smithing_table":2,"minecraft:lead":4,"securitycraft:stone_mine":3,"minecraft:string":52,"minecraft:raw_copper":13,"minecraft:smooth_stone_slab":3,"minecraft:armor_stand":2,"minecraft:sticky_piston":6,"minecraft:shroomlight":2,"minecraft:smooth_stone":8,"minecraft:cobbled_deepslate":6,"minecraft:bucket":1,"minecraft:spruce_planks":76,"minecraft:rose_bush":10,"minecraft:redstone_torch":4,"minecraft:iron_pickaxe":1,"alexsmobs:raccoon_tail":1,"minecraft:coal_block":5,"minecraft:furnace":23,"minecraft:dark_oak_door":4,"minecraft:tipped_arrow":4,"minecraft:stick":130,"minecraft:torch":18,"minecraft:acacia_log":63,"minecraft:porkchop":11,"minecraft:diorite":20,"minecraft:rotten_flesh":36,"minecraft:blaze_rod":2,"minecraft:obsidian":4,"minecraft:cobblestone":301,"minecraft:feather":2,"minecraft:andesite":9,"minecraft:water_bucket":1,"minecraft:jungle_log":97,"minecraft:smoker":4,"minecraft:potato":146,"minecraft:flint":1,"minecraft:tuff":2,"minecraft:acacia_boat":7,"minecraft:lapis_lazuli":64,"minecraft:dirt":231,"minecraft:name_tag":1,"minecraft:bone":37,"minecraft:acacia_planks":64,"minecraft:stonecutter":7,"minecraft:bow":10,"minecraft:wheat_seeds":33,"minecraft:raw_gold":8,"minecraft:mossy_stone_bricks":1,"minecraft:bamboo":15,"minecraft:moss_block":5,"minecraft:oak_planks":8,"securitycraft:mine":3,"securitycraft:dirt_mine":2,"minecraft:warped_wart_block":47,"alexsmobs:crocodile_egg":1,"minecraft:jungle_planks":268,"minecraft:sand":81,"minecraft:stripped_spruce_log":2,"minecraft:ink_sac":6,"securitycraft:reinforced_stone":9,"minecraft:jungle_slab":2,"minecraft:dark_oak_log":154,"minecraft:mossy_cobblestone":2,"minecraft:polished_andesite":1,"alexsmobs:kangaroo_hide":2,"minecraft:diamond":7,"minecraft:spruce_boat":4,"minecraft:writable_book":1,"minecraft:granite":13,"minecraft:bone_meal":1,"minecraft:bread":111,"minecraft:bubble_coral_block":1,"minecraft:light_gray_carpet":1,"minecraft:oak_sapling":18,"minecraft:bricks":13,"minecraft:cocoa_beans":8,"minecraft:crafting_table":20,"minecraft:stripped_warped_hyphae":1,"minecraft:ladder":1,"minecraft:clay_ball":8,"minecraft:brown_mushroom":3,"minecraft:gold_block":17,"gravestone:obituary":29,"minecraft:red_bed":1,"minecraft:moss_carpet":1,"minecraft:iron_axe":1,"minecraft:white_carpet":2,"minecraft:item_frame":1,"minecraft:beef":21,"minecraft:jungle_sapling":2,"minecraft:iron_nugget":6,"minecraft:poppy":11,"minecraft:lectern":1,"minecraft:sugar_cane":195,"minecraft:spruce_trapdoor":9,"minecraft:dark_oak_sapling":8,"minecraft:raw_iron":171,"securitycraft:reinforced_cobblestone":4,"minecraft:oak_door":5,"minecraft:copper_ingot":4,"minecraft:cookie":46,"minecraft:carrot":24,"minecraft:redstone":86,"alexsmobs:crocodile_scute":1,"minecraft:dark_oak_planks":9,"minecraft:stone_shovel":1,"minecraft:arrow":74,"minecraft:weeping_vines":3,"minecraft:hay_block":9,"minecraft:tube_coral_block":1,"minecraft:glow_berries":1,"minecraft:mutton":17,"alexsmobs:kangaroo_meat":1,"minecraft:white_wool":17,"minecraft:basalt":27,"minecraft:crimson_stem":5,"minecraft:leather":9,"alexsmobs:acacia_blossom":1,"minecraft:ice":12,"minecraft:oak_log":118,"minecraft:golden_boots":1,"minecraft:nether_wart_block":26,"minecraft:gunpowder":6,"minecraft:blue_bed":1,"chococraft:gysahl_green":119,"minecraft:apple":3,"minecraft:stone_bricks":1,"chococraft:gold_gysahl":1,"minecraft:fire_coral_block":1,"minecraft:warped_stem":7,"minecraft:iron_ingot":45,"minecraft:stone_pickaxe":1,"minecraft:iron_sword":1,"minecraft:acacia_sapling":14,"minecraft:pumpkin":13,"minecraft:sweet_berries":27,"minecraft:gravel":17,"minecraft:blast_furnace":2,"chococraft:gysahl_green_seeds":41,"minecraft:spruce_sapling":157,"minecraft:white_bed":6,"minecraft:spruce_log":1582,"minecraft:spider_eye":2,"alexsmobs:raw_catfish":2,"minecraft:purple_bed":5,"useless_sword:vex_ectoplasm":1,"minecraft:diamond_axe":1,"minecraft:baked_potato":3,"minecraft:coal":217,"minecraft:ender_pearl":1}},"DataVersion":3465}