{"stats":{"minecraft:killed":{"minecraft:vex":1,"minecraft:cave_spider":1,"minecraft:spider":13,"creeperoverhaul:bamboo_creeper":1,"minecraft:skeleton":17,"creeperoverhaul:dark_oak_creeper":1,"minecraft:drowned":1,"alexsmobs:kangaroo":1,"minecraft:pig":6,"alexsmobs:seal":3,"minecraft:creeper":1,"minecraft:sheep":6,"alexsmobs:flutter":1,"minecraft:zombie":31,"alexsmobs:toucan":1,"minecraft:cow":9},"minecraft:custom":{"minecraft:mob_kills":95,"minecraft:interact_with_crafting_table":57,"minecraft:open_barrel":37,"minecraft:leave_game":2,"minecraft:time_since_death":6446,"minecraft:climb_one_cm":2504,"minecraft:sprint_one_cm":430064,"minecraft:walk_one_cm":220802,"minecraft:damage_blocked_by_shield":2025,"minecraft:drop":96,"minecraft:play_time":140096,"minecraft:sneak_time":5225,"minecraft:deaths":5,"minecraft:walk_under_water_one_cm":9602,"minecraft:boat_one_cm":249222,"minecraft:jump":2683,"minecraft:walk_on_water_one_cm":17986,"minecraft:total_world_time":140096,"minecraft:interact_with_furnace":56,"minecraft:interact_with_grindstone":1,"minecraft:sleep_in_bed":1,"minecraft:time_since_rest":6472,"minecraft:damage_taken":4699,"minecraft:damage_dealt":15455,"minecraft:player_kills":1,"minecraft:swim_one_cm":19224,"minecraft:fly_one_cm":444820,"minecraft:open_chest":45,"minecraft:crouch_one_cm":16039,"minecraft:interact_with_smoker":17,"minecraft:fall_one_cm":77907},"minecraft:killed_by":{"minecraft:player":1,"alexsmobs:crocodile":1},"minecraft:crafted":{"minecraft:oak_planks":8,"minecraft:furnace":4,"minecraft:cooked_mutton":5,"minecraft:dark_oak_door":3,"minecraft:iron_boots":1,"minecraft:iron_axe":1,"minecraft:stone_pickaxe":3,"useless_sword:copper_sword":1,"minecraft:dark_oak_planks":96,"minecraft:smoker":1,"minecraft:cooked_beef":18,"minecraft:coal_block":1,"minecraft:crimson_planks":20,"minecraft:cooked_porkchop":10,"minecraft:crafting_table":8,"minecraft:wooden_pickaxe":2,"minecraft:iron_helmet":1,"alexsmobs:cooked_kangaroo_meat":1,"minecraft:copper_ingot":4,"minecraft:gold_block":1,"minecraft:bucket":1,"minecraft:stone_axe":6,"minecraft:acacia_boat":3,"minecraft:air":0,"minecraft:jungle_planks":256,"useless_sword:coal_sword":1,"minecraft:iron_chestplate":2,"minecraft:diamond_pickaxe":1,"minecraft:shield":2,"minecraft:stick":21,"minecraft:iron_ingot":75,"minecraft:iron_pickaxe":2,"minecraft:wooden_axe":1,"minecraft:stone_sword":3,"minecraft:iron_leggings":1,"minecraft:white_bed":1,"minecraft:acacia_planks":44,"minecraft:torch":12},"minecraft:mined":{"minecraft:dark_oak_planks":6,"minecraft:tuff":2,"minecraft:white_bed":1,"minecraft:mossy_cobblestone":2,"minecraft:deepslate_diamond_ore":7,"alexsmobs:leafcutter_anthill":1,"minecraft:dark_oak_log":183,"minecraft:obsidian":4,"minecraft:cave_vines_plant":2,"gravestone:gravestone":3,"minecraft:granite":13,"minecraft:acacia_log":29,"minecraft:grass_block":7,"minecraft:jungle_log":98,"minecraft:coal_block":5,"minecraft:spruce_leaves":7,"minecraft:moss_block":5,"minecraft:crimson_stem":5,"minecraft:large_fern":1,"minecraft:tall_seagrass":1,"minecraft:furnace":16,"minecraft:carrots":2,"minecraft:iron_ore":75,"minecraft:fire":3,"minecraft:anvil":1,"minecraft:deepslate_lapis_ore":5,"minecraft:peony":1,"minecraft:gold_block":8,"minecraft:potatoes":2,"chococraft:gysahl_green":41,"minecraft:cave_vines":2,"minecraft:deepslate_iron_ore":1,"minecraft:shroomlight":2,"minecraft:vine":3,"minecraft:warped_stem":8,"minecraft:bamboo":3,"minecraft:stone":136,"minecraft:light_gray_carpet":1,"minecraft:acacia_leaves":1,"minecraft:smoker":3,"minecraft:crafting_table":11,"minecraft:clay":2,"minecraft:torch":7,"minecraft:lectern":1,"minecraft:tall_grass":25,"minecraft:copper_ore":1,"minecraft:cobblestone":9,"minecraft:lapis_ore":1,"minecraft:oak_planks":1,"minecraft:sugar_cane":17,"minecraft:diorite":8,"minecraft:wall_torch":4,"minecraft:warped_wart_block":66,"minecraft:deepslate_copper_ore":2,"minecraft:purple_bed":1,"minecraft:nether_wart_block":51,"minecraft:wheat":1,"minecraft:redstone_torch":1,"minecraft:spruce_log":130,"minecraft:smooth_stone_slab":3,"minecraft:grass":88,"minecraft:coal_ore":83,"minecraft:oak_log":63,"minecraft:cocoa":3,"minecraft:cyan_carpet":2,"minecraft:dirt":9,"minecraft:cobweb":24,"structure_gel:dynamic_spawner":4,"minecraft:stone_bricks":1,"minecraft:mossy_stone_bricks":1,"minecraft:oak_leaves":3,"minecraft:deepslate":1,"minecraft:fern":4},"minecraft:broken":{"minecraft:stone_axe":3},"minecraft:dropped":{"minecraft:water_bucket":2,"minecraft:iron_ingot":5,"minecraft:moss_block":5,"minecraft:wheat_seeds":5,"minecraft:crafting_table":1,"minecraft:feather":2,"minecraft:weeping_vines":3,"minecraft:glow_berries":1,"chococraft:gysahl_green_seeds":11,"minecraft:jungle_planks":99,"minecraft:acacia_log":23,"minecraft:stick":5,"minecraft:dirt":3,"minecraft:wooden_axe":1,"minecraft:nether_wart_block":14,"gravestone:obituary":5,"minecraft:writable_book":1,"minecraft:iron_pickaxe":2,"minecraft:dark_oak_planks":26,"minecraft:white_wool":2,"minecraft:acacia_planks":47,"minecraft:spruce_sapling":10,"minecraft:bone":1,"minecraft:stone_axe":4,"minecraft:dark_oak_door":6,"minecraft:moss_carpet":1,"minecraft:iron_nugget":9,"alexsmobs:acacia_blossom":2,"alexsmobs:gazelle_horn":2,"alexsmobs:animal_dictionary":1,"minecraft:cobbled_deepslate":1,"minecraft:stone_sword":2,"minecraft:cocoa_beans":1,"minecraft:raw_copper":9,"minecraft:tuff":2,"minecraft:rotten_flesh":14,"minecraft:clay_ball":8,"minecraft:oak_planks":2,"minecraft:flint_and_steel":1,"minecraft:filled_map":1,"useless_sword:coal_sword":1,"minecraft:diamond_chestplate":1,"minecraft:mossy_stone_bricks":1,"minecraft:andesite":54,"minecraft:acacia_sapling":13,"minecraft:oak_sapling":10,"minecraft:redstone_torch":4,"minecraft:arrow":4,"minecraft:stone_pickaxe":5,"minecraft:bow":3,"minecraft:wooden_pickaxe":1,"minecraft:warped_wart_block":47,"chococraft:gysahl_green":3},"minecraft:used":{"minecraft:stone_sword":36,"minecraft:shield":30,"minecraft:iron_sword":34,"minecraft:iron_chestplate":1,"minecraft:torch":21,"minecraft:dirt":9,"useless_sword:vex_ectoplasm":1,"minecraft:jungle_planks":142,"alexsmobs:cooked_kangaroo_meat":1,"minecraft:granite":13,"minecraft:axolotl_bucket":3,"minecraft:wooden_axe":35,"minecraft:shroomlight":2,"minecraft:dark_oak_planks":66,"minecraft:lava_bucket":8,"minecraft:iron_axe":116,"minecraft:iron_helmet":1,"minecraft:stone_bricks":1,"minecraft:item_frame":1,"minecraft:bow":1,"minecraft:golden_carrot":8,"minecraft:furnace":13,"minecraft:cooked_beef":11,"minecraft:iron_leggings":1,"minecraft:cooked_mutton":2,"minecraft:acacia_boat":5,"minecraft:water_bucket":13,"minecraft:diorite":8,"minecraft:stone_pickaxe":130,"minecraft:oak_planks":1,"minecraft:wooden_pickaxe":13,"useless_sword:charged_copper_sword":109,"minecraft:crafting_table":15,"minecraft:smoker":3,"minecraft:dark_oak_door":1,"minecraft:white_bed":1,"minecraft:diamond_pickaxe":160,"minecraft:apple":1,"chococraft:gysahl_green_seeds":18,"minecraft:bread":15,"minecraft:iron_pickaxe":104,"useless_sword:copper_sword":54,"minecraft:stone_axe":607,"minecraft:nether_wart_block":12,"minecraft:cobblestone":25,"minecraft:purple_bed":1,"minecraft:cooked_porkchop":1,"minecraft:bucket":26,"chococraft:gysahl_green":65,"alexsmobs:animal_dictionary":1,"minecraft:chainmail_leggings":1},"minecraft:picked_up":{"minecraft:cocoa_beans":8,"chococraft:loverly_gysahl_green":5,"minecraft:crafting_table":11,"minecraft:clay_ball":8,"minecraft:gold_block":8,"gravestone:obituary":1,"minecraft:raw_copper":13,"minecraft:string":37,"minecraft:moss_carpet":1,"minecraft:iron_axe":1,"minecraft:smooth_stone_slab":3,"minecraft:item_frame":1,"minecraft:shroomlight":2,"minecraft:cobbled_deepslate":1,"minecraft:bucket":1,"minecraft:beef":21,"minecraft:redstone_torch":4,"minecraft:jungle_sapling":2,"minecraft:iron_nugget":6,"minecraft:iron_pickaxe":1,"minecraft:lectern":1,"minecraft:coal_block":5,"minecraft:sugar_cane":30,"minecraft:furnace":15,"minecraft:dark_oak_door":4,"minecraft:dark_oak_sapling":8,"minecraft:raw_iron":76,"minecraft:stick":34,"minecraft:copper_ingot":3,"minecraft:torch":10,"minecraft:acacia_log":29,"minecraft:porkchop":11,"minecraft:diorite":8,"minecraft:carrot":8,"minecraft:dark_oak_planks":6,"minecraft:weeping_vines":3,"minecraft:arrow":5,"minecraft:rotten_flesh":15,"minecraft:obsidian":4,"minecraft:glow_berries":1,"minecraft:mutton":7,"alexsmobs:kangaroo_meat":1,"minecraft:white_wool":5,"minecraft:cobblestone":178,"minecraft:feather":2,"minecraft:crimson_stem":5,"minecraft:water_bucket":1,"minecraft:jungle_log":97,"minecraft:potato":6,"minecraft:leather":7,"alexsmobs:acacia_blossom":1,"minecraft:smoker":3,"minecraft:tuff":2,"minecraft:oak_log":63,"minecraft:nether_wart_block":26,"minecraft:acacia_boat":5,"minecraft:lapis_lazuli":36,"minecraft:dirt":19,"minecraft:bone":17,"minecraft:acacia_planks":64,"chococraft:gysahl_green":90,"minecraft:apple":3,"minecraft:stone_bricks":1,"chococraft:gold_gysahl":1,"minecraft:bow":3,"minecraft:wheat_seeds":10,"minecraft:warped_stem":7,"minecraft:iron_ingot":5,"minecraft:mossy_stone_bricks":1,"minecraft:bamboo":15,"minecraft:oak_planks":2,"minecraft:moss_block":5,"minecraft:iron_sword":1,"minecraft:acacia_sapling":14,"minecraft:warped_wart_block":47,"minecraft:jungle_planks":268,"minecraft:ink_sac":2,"minecraft:spruce_sapling":11,"chococraft:gysahl_green_seeds":37,"minecraft:white_bed":1,"minecraft:spruce_log":121,"minecraft:dark_oak_log":154,"minecraft:spider_eye":1,"alexsmobs:kangaroo_hide":2,"minecraft:purple_bed":1,"useless_sword:vex_ectoplasm":1,"minecraft:diamond":7,"minecraft:writable_book":1,"minecraft:granite":13,"minecraft:oak_sapling":15,"minecraft:coal":127}},"DataVersion":3465}