{"stats":{"minecraft:killed":{"minecraft:cave_spider":1,"minecraft:spider":13,"creeperoverhaul:bamboo_creeper":1,"minecraft:skeleton":17,"creeperoverhaul:dark_oak_creeper":1,"alexsmobs:kangaroo":1,"minecraft:pig":6,"alexsmobs:seal":3,"minecraft:creeper":1,"minecraft:sheep":9,"minecraft:trader_llama":2,"alexsmobs:flutter":1,"minecraft:zombie":35,"alexsmobs:toucan":1,"minecraft:cow":9,"minecraft:vex":1,"alexsmobs:raccoon":1,"minecraft:drowned":3,"alexsmobs:crocodile":1},"minecraft:custom":{"minecraft:interact_with_crafting_table":69,"minecraft:open_barrel":37,"minecraft:bell_ring":118,"minecraft:leave_game":2,"minecraft:time_since_death":9401,"minecraft:sprint_one_cm":534228,"minecraft:damage_blocked_by_shield":2535,"minecraft:drop":113,"minecraft:talked_to_villager":2,"minecraft:play_time":170096,"minecraft:deaths":6,"minecraft:jump":3287,"minecraft:walk_on_water_one_cm":22954,"minecraft:interact_with_furnace":58,"minecraft:sleep_in_bed":4,"minecraft:damage_dealt":17805,"minecraft:player_kills":1,"minecraft:crouch_one_cm":22151,"minecraft:interact_with_smoker":25,"minecraft:mob_kills":108,"minecraft:climb_one_cm":2504,"minecraft:walk_one_cm":287492,"minecraft:sneak_time":6807,"minecraft:walk_under_water_one_cm":10797,"minecraft:boat_one_cm":249222,"minecraft:total_world_time":170096,"minecraft:interact_with_grindstone":1,"minecraft:time_since_rest":6730,"minecraft:damage_taken":5648,"minecraft:swim_one_cm":26979,"minecraft:fly_one_cm":579998,"minecraft:open_chest":76,"minecraft:fall_one_cm":97367},"minecraft:killed_by":{"alexsmobs:crocodile":1,"minecraft:player":1},"minecraft:crafted":{"minecraft:oak_planks":12,"minecraft:cooked_mutton":10,"minecraft:dark_oak_door":3,"minecraft:iron_boots":1,"minecraft:chest":9,"alexsmobs:cooked_catfish":2,"minecraft:smoker":1,"minecraft:cooked_porkchop":10,"minecraft:crafting_table":9,"minecraft:spruce_planks":92,"minecraft:wooden_pickaxe":2,"minecraft:iron_helmet":1,"minecraft:copper_ingot":4,"minecraft:gold_block":1,"useless_sword:coal_sword":1,"minecraft:iron_chestplate":2,"minecraft:diamond_pickaxe":1,"minecraft:shield":2,"minecraft:stick":21,"minecraft:iron_ingot":75,"minecraft:iron_pickaxe":2,"minecraft:stone_sword":3,"minecraft:furnace":4,"minecraft:bone_meal":57,"minecraft:iron_axe":2,"minecraft:iron_hoe":1,"minecraft:stone_pickaxe":3,"useless_sword:copper_sword":1,"minecraft:dark_oak_planks":352,"minecraft:wheat":81,"minecraft:cooked_beef":21,"minecraft:coal_block":1,"minecraft:crimson_planks":20,"alexsmobs:cooked_kangaroo_meat":1,"minecraft:bucket":1,"minecraft:stone_axe":7,"minecraft:air":0,"minecraft:acacia_boat":3,"minecraft:bread":24,"minecraft:jungle_planks":256,"minecraft:wooden_axe":1,"minecraft:iron_shovel":1,"minecraft:iron_leggings":1,"minecraft:white_bed":2,"minecraft:acacia_planks":48,"minecraft:torch":12},"minecraft:mined":{"minecraft:dark_oak_planks":9,"minecraft:white_bed":3,"alexsmobs:leafcutter_anthill":1,"minecraft:obsidian":4,"minecraft:granite":13,"minecraft:cave_vines_plant":2,"minecraft:spruce_trapdoor":9,"minecraft:acacia_log":29,"minecraft:grass_block":29,"minecraft:jungle_log":98,"minecraft:coal_block":5,"minecraft:tall_seagrass":1,"minecraft:iron_ore":75,"minecraft:fire":3,"minecraft:pumpkin":14,"minecraft:deepslate_lapis_ore":5,"minecraft:anvil":1,"alexsmobs:crocodile_egg":1,"chococraft:gysahl_green":41,"minecraft:cave_vines":2,"minecraft:dirt_path":6,"minecraft:smoker":4,"minecraft:clay":2,"minecraft:torch":9,"minecraft:poppy":3,"minecraft:cobblestone":9,"minecraft:sugar_cane":18,"minecraft:oak_planks":6,"minecraft:wall_torch":4,"minecraft:deepslate_copper_ore":2,"minecraft:seagrass":2,"minecraft:nether_wart_block":51,"minecraft:wheat":2,"minecraft:smooth_stone_slab":3,"minecraft:grass":95,"minecraft:oak_log":74,"minecraft:sand":8,"minecraft:dirt":14,"structure_gel:dynamic_spawner":4,"minecraft:oak_leaves":3,"minecraft:deepslate":1,"minecraft:tuff":2,"minecraft:mossy_cobblestone":2,"minecraft:deepslate_diamond_ore":7,"minecraft:dark_oak_log":183,"gravestone:gravestone":5,"minecraft:spruce_leaves":19,"minecraft:moss_block":5,"minecraft:crimson_stem":5,"minecraft:large_fern":4,"minecraft:hay_block":9,"minecraft:furnace":16,"minecraft:carrots":2,"minecraft:peony":1,"minecraft:gold_block":8,"minecraft:potatoes":15,"minecraft:shroomlight":2,"minecraft:deepslate_iron_ore":1,"minecraft:vine":3,"minecraft:warped_stem":8,"minecraft:bamboo":3,"minecraft:stone":136,"minecraft:white_wool":1,"minecraft:smithing_table":1,"minecraft:light_gray_carpet":1,"minecraft:acacia_leaves":1,"minecraft:crafting_table":12,"minecraft:lectern":1,"minecraft:copper_ore":1,"minecraft:tall_grass":27,"minecraft:lapis_ore":1,"minecraft:diorite":8,"minecraft:blue_bed":1,"minecraft:warped_wart_block":66,"minecraft:purple_bed":5,"minecraft:redstone_torch":1,"minecraft:sweet_berry_bush":5,"minecraft:spruce_log":218,"minecraft:coal_ore":83,"minecraft:cocoa":3,"minecraft:cyan_carpet":2,"minecraft:cobweb":24,"minecraft:stone_bricks":1,"minecraft:mossy_stone_bricks":1,"minecraft:fern":7},"minecraft:broken":{"minecraft:stone_axe":3,"minecraft:iron_axe":1},"minecraft:dropped":{"minecraft:acacia_boat":1,"minecraft:moss_block":5,"minecraft:crafting_table":1,"minecraft:weeping_vines":3,"minecraft:glow_berries":1,"minecraft:jungle_planks":99,"minecraft:dirt":5,"gravestone:obituary":6,"minecraft:writable_book":1,"minecraft:sand":8,"minecraft:iron_pickaxe":2,"minecraft:dark_oak_planks":26,"minecraft:white_wool":6,"minecraft:bone":1,"minecraft:dark_oak_door":6,"minecraft:stone_axe":4,"alexsmobs:gazelle_horn":2,"minecraft:iron_nugget":9,"alexsmobs:animal_dictionary":1,"minecraft:cobbled_deepslate":1,"minecraft:rotten_flesh":15,"minecraft:oak_planks":2,"minecraft:acacia_sapling":13,"minecraft:arrow":4,"minecraft:warped_wart_block":47,"minecraft:water_bucket":2,"minecraft:iron_ingot":5,"minecraft:wheat_seeds":12,"minecraft:feather":2,"chococraft:gysahl_green_seeds":11,"minecraft:acacia_log":23,"minecraft:stick":5,"minecraft:wooden_axe":3,"minecraft:nether_wart_block":14,"minecraft:acacia_planks":47,"minecraft:spruce_sapling":10,"minecraft:furnace":5,"minecraft:moss_carpet":1,"minecraft:sweet_berries":12,"alexsmobs:acacia_blossom":2,"minecraft:stone_sword":2,"minecraft:raw_copper":9,"minecraft:cocoa_beans":1,"minecraft:tuff":2,"minecraft:clay_ball":8,"minecraft:flint_and_steel":1,"minecraft:filled_map":1,"useless_sword:coal_sword":1,"minecraft:diamond_chestplate":1,"minecraft:andesite":54,"minecraft:mossy_stone_bricks":1,"minecraft:oak_sapling":10,"minecraft:redstone_torch":4,"minecraft:spruce_log":36,"minecraft:bow":3,"minecraft:stone_pickaxe":6,"minecraft:wooden_pickaxe":2,"chococraft:gysahl_green":3},"minecraft:used":{"minecraft:iron_shovel":26,"minecraft:poppy":3,"minecraft:chest":2,"minecraft:shield":37,"minecraft:iron_sword":34,"minecraft:iron_chestplate":1,"minecraft:jungle_planks":142,"useless_sword:vex_ectoplasm":1,"minecraft:axolotl_bucket":3,"minecraft:lava_bucket":8,"minecraft:iron_helmet":1,"minecraft:stone_bricks":1,"minecraft:item_frame":1,"minecraft:bow":1,"minecraft:furnace":18,"minecraft:potato":39,"minecraft:diorite":8,"minecraft:stone_pickaxe":130,"minecraft:oak_planks":6,"minecraft:wooden_pickaxe":13,"minecraft:blue_bed":1,"useless_sword:charged_copper_sword":145,"minecraft:bread":24,"minecraft:nether_wart_block":12,"chococraft:gysahl_green":65,"minecraft:bone_meal":26,"minecraft:stone_sword":36,"chococraft:loverly_gysahl_green":5,"minecraft:torch":28,"minecraft:dirt":40,"alexsmobs:cooked_kangaroo_meat":1,"minecraft:granite":13,"minecraft:shroomlight":2,"minecraft:iron_hoe":54,"minecraft:dark_oak_planks":186,"minecraft:wooden_axe":59,"minecraft:iron_axe":250,"minecraft:golden_carrot":8,"minecraft:cooked_beef":11,"minecraft:acacia_planks":3,"minecraft:iron_leggings":1,"minecraft:wheat_seeds":1,"minecraft:cooked_mutton":2,"minecraft:acacia_boat":5,"minecraft:water_bucket":13,"chococraft:gold_gysahl":1,"minecraft:crafting_table":18,"minecraft:white_bed":5,"minecraft:smoker":5,"minecraft:dark_oak_door":1,"minecraft:diamond_pickaxe":161,"minecraft:apple":1,"chococraft:gysahl_green_seeds":18,"minecraft:iron_pickaxe":104,"alexsmobs:crocodile_egg":1,"useless_sword:copper_sword":54,"minecraft:stone_axe":608,"minecraft:cobblestone":25,"minecraft:purple_bed":5,"minecraft:cooked_porkchop":6,"minecraft:bucket":26,"alexsmobs:animal_dictionary":1,"minecraft:chainmail_leggings":1},"minecraft:picked_up":{"minecraft:wooden_axe":1,"chococraft:loverly_gysahl_green":5,"minecraft:smithing_table":1,"minecraft:lead":2,"minecraft:string":37,"minecraft:raw_copper":13,"minecraft:smooth_stone_slab":3,"minecraft:shroomlight":2,"minecraft:cobbled_deepslate":1,"minecraft:bucket":1,"minecraft:redstone_torch":4,"minecraft:iron_pickaxe":1,"alexsmobs:raccoon_tail":1,"minecraft:coal_block":5,"minecraft:furnace":20,"minecraft:dark_oak_door":4,"minecraft:stick":66,"minecraft:torch":14,"minecraft:acacia_log":63,"minecraft:porkchop":11,"minecraft:diorite":8,"minecraft:rotten_flesh":17,"minecraft:obsidian":4,"minecraft:cobblestone":193,"minecraft:feather":2,"minecraft:water_bucket":1,"minecraft:jungle_log":97,"minecraft:smoker":4,"minecraft:potato":62,"minecraft:tuff":2,"minecraft:acacia_boat":6,"minecraft:lapis_lazuli":36,"minecraft:dirt":52,"minecraft:bone":17,"minecraft:acacia_planks":64,"minecraft:bow":3,"minecraft:wheat_seeds":17,"minecraft:mossy_stone_bricks":1,"minecraft:bamboo":15,"minecraft:moss_block":5,"minecraft:oak_planks":7,"minecraft:warped_wart_block":47,"alexsmobs:crocodile_egg":1,"minecraft:sand":8,"minecraft:jungle_planks":268,"minecraft:ink_sac":4,"minecraft:dark_oak_log":154,"alexsmobs:kangaroo_hide":2,"minecraft:diamond":7,"minecraft:writable_book":1,"minecraft:granite":13,"minecraft:oak_sapling":15,"minecraft:cocoa_beans":8,"minecraft:crafting_table":12,"minecraft:clay_ball":8,"minecraft:gold_block":8,"gravestone:obituary":2,"minecraft:moss_carpet":1,"minecraft:iron_axe":1,"minecraft:item_frame":1,"minecraft:beef":21,"minecraft:jungle_sapling":2,"minecraft:iron_nugget":6,"minecraft:poppy":3,"minecraft:lectern":1,"minecraft:sugar_cane":32,"minecraft:spruce_trapdoor":9,"minecraft:dark_oak_sapling":8,"minecraft:raw_iron":76,"minecraft:copper_ingot":4,"minecraft:carrot":16,"alexsmobs:crocodile_scute":1,"minecraft:dark_oak_planks":9,"minecraft:arrow":5,"minecraft:weeping_vines":3,"minecraft:hay_block":9,"minecraft:mutton":17,"minecraft:glow_berries":1,"alexsmobs:kangaroo_meat":1,"minecraft:white_wool":17,"minecraft:crimson_stem":5,"minecraft:leather":9,"alexsmobs:acacia_blossom":1,"minecraft:oak_log":95,"minecraft:nether_wart_block":26,"minecraft:blue_bed":1,"chococraft:gysahl_green":107,"minecraft:apple":3,"minecraft:stone_bricks":1,"chococraft:gold_gysahl":1,"minecraft:warped_stem":7,"minecraft:iron_ingot":5,"minecraft:stone_pickaxe":1,"minecraft:acacia_sapling":14,"minecraft:iron_sword":1,"minecraft:pumpkin":13,"minecraft:sweet_berries":12,"chococraft:gysahl_green_seeds":37,"minecraft:spruce_sapling":38,"minecraft:spruce_log":244,"minecraft:white_bed":3,"minecraft:spider_eye":1,"alexsmobs:raw_catfish":2,"minecraft:purple_bed":5,"useless_sword:vex_ectoplasm":1,"minecraft:coal":127,"minecraft:ender_pearl":1}},"DataVersion":3465}