{"stats":{"minecraft:killed":{"minecraft:cave_spider":1,"minecraft:spider":14,"creeperoverhaul:bamboo_creeper":1,"minecraft:skeleton":21,"creeperoverhaul:dark_oak_creeper":1,"alexsmobs:straddler":3,"alexsmobs:kangaroo":1,"minecraft:pig":6,"alexsmobs:seal":3,"minecraft:iron_golem":1,"alexsmobs:stradpole":1,"minecraft:creeper":1,"minecraft:sheep":9,"minecraft:trader_llama":2,"alexsmobs:flutter":1,"minecraft:zombie":38,"alexsmobs:toucan":1,"minecraft:cow":9,"minecraft:blaze":3,"chococraft:chocobo":1,"minecraft:vex":1,"alexsmobs:raccoon":1,"minecraft:drowned":4,"alexsmobs:crocodile":1,"minecraft:wither_skeleton":2},"minecraft:custom":{"minecraft:interact_with_crafting_table":86,"minecraft:open_barrel":37,"minecraft:bell_ring":118,"minecraft:leave_game":3,"minecraft:time_since_death":14898,"minecraft:sprint_one_cm":684806,"minecraft:damage_blocked_by_shield":3015,"minecraft:drop":190,"minecraft:talked_to_villager":10,"minecraft:play_time":214955,"minecraft:deaths":18,"minecraft:jump":4168,"minecraft:walk_on_water_one_cm":27170,"minecraft:interact_with_furnace":63,"minecraft:traded_with_villager":46,"minecraft:sleep_in_bed":4,"minecraft:damage_dealt":22788,"minecraft:player_kills":2,"minecraft:crouch_one_cm":31771,"minecraft:interact_with_smoker":25,"minecraft:mob_kills":129,"minecraft:climb_one_cm":2504,"minecraft:walk_one_cm":368114,"minecraft:sneak_time":9471,"minecraft:walk_under_water_one_cm":10812,"minecraft:boat_one_cm":271497,"minecraft:total_world_time":214955,"minecraft:interact_with_grindstone":1,"minecraft:time_since_rest":14947,"minecraft:damage_taken":10951,"minecraft:swim_one_cm":27403,"minecraft:fly_one_cm":741269,"minecraft:open_chest":119,"minecraft:fall_one_cm":138195},"minecraft:killed_by":{"alexsmobs:straddler":3,"alexsmobs:crocodile":1,"minecraft:player":1},"minecraft:crafted":{"minecraft:oak_planks":40,"minecraft:dark_oak_boat":3,"minecraft:cooked_mutton":10,"minecraft:dark_oak_door":3,"minecraft:iron_boots":1,"minecraft:chest":9,"alexsmobs:cooked_catfish":2,"minecraft:smoker":1,"minecraft:emerald":46,"minecraft:cooked_porkchop":10,"minecraft:diamond_axe":2,"minecraft:crafting_table":12,"minecraft:spruce_planks":912,"minecraft:wooden_pickaxe":2,"minecraft:iron_helmet":1,"minecraft:copper_ingot":4,"minecraft:gold_block":1,"useless_sword:coal_sword":1,"minecraft:iron_chestplate":3,"minecraft:diamond_pickaxe":1,"minecraft:shield":3,"minecraft:stick":1485,"minecraft:iron_ingot":75,"minecraft:iron_pickaxe":2,"minecraft:stone_sword":3,"minecraft:furnace":4,"minecraft:bone_meal":57,"minecraft:flint_and_steel":1,"minecraft:iron_axe":3,"minecraft:iron_hoe":1,"minecraft:stone_pickaxe":3,"minecraft:spruce_boat":2,"useless_sword:copper_sword":1,"minecraft:dark_oak_planks":352,"minecraft:wheat":81,"minecraft:cooked_beef":21,"minecraft:coal_block":1,"minecraft:crimson_planks":20,"alexsmobs:cooked_kangaroo_meat":1,"minecraft:iron_sword":1,"minecraft:bucket":2,"minecraft:stone_axe":7,"minecraft:air":0,"minecraft:bread":27,"minecraft:acacia_boat":4,"minecraft:jungle_planks":256,"minecraft:wooden_axe":1,"minecraft:iron_shovel":1,"minecraft:iron_leggings":1,"minecraft:white_bed":2,"minecraft:acacia_planks":116,"minecraft:torch":12},"minecraft:mined":{"minecraft:dark_oak_planks":9,"minecraft:white_bed":3,"alexsmobs:leafcutter_anthill":1,"minecraft:obsidian":4,"minecraft:granite":13,"minecraft:spruce_trapdoor":9,"minecraft:cave_vines_plant":2,"minecraft:acacia_log":29,"minecraft:grass_block":30,"minecraft:jungle_log":98,"minecraft:coal_block":5,"minecraft:spawner":1,"minecraft:tall_seagrass":1,"minecraft:iron_ore":75,"minecraft:fire":3,"minecraft:pumpkin":14,"minecraft:deepslate_lapis_ore":5,"minecraft:anvil":1,"alexsmobs:crocodile_egg":1,"chococraft:gysahl_green":47,"minecraft:cave_vines":2,"minecraft:dirt_path":6,"minecraft:smoker":4,"minecraft:clay":2,"minecraft:torch":9,"minecraft:poppy":3,"minecraft:cobblestone":9,"minecraft:sugar_cane":91,"minecraft:oak_planks":6,"minecraft:wall_torch":5,"minecraft:deepslate_copper_ore":2,"minecraft:seagrass":2,"minecraft:nether_wart_block":51,"minecraft:wheat":2,"minecraft:smooth_stone_slab":3,"minecraft:grass":126,"minecraft:oak_log":79,"minecraft:sand":8,"minecraft:dirt":15,"structure_gel:dynamic_spawner":4,"minecraft:oak_leaves":3,"minecraft:deepslate":1,"minecraft:tuff":2,"minecraft:mossy_cobblestone":2,"minecraft:deepslate_diamond_ore":7,"minecraft:dark_oak_log":183,"gravestone:gravestone":8,"minecraft:spruce_leaves":23,"minecraft:moss_block":5,"minecraft:crimson_stem":5,"minecraft:large_fern":4,"minecraft:hay_block":9,"minecraft:spruce_sapling":12,"minecraft:furnace":16,"minecraft:carrots":2,"minecraft:peony":1,"minecraft:gold_block":8,"minecraft:potatoes":43,"minecraft:shroomlight":2,"minecraft:deepslate_iron_ore":1,"minecraft:vine":3,"minecraft:warped_stem":8,"minecraft:bamboo":3,"minecraft:stone":136,"minecraft:white_wool":1,"minecraft:smithing_table":1,"minecraft:light_gray_carpet":1,"minecraft:acacia_leaves":1,"minecraft:basalt":29,"minecraft:crafting_table":13,"minecraft:rose_bush":6,"minecraft:lectern":1,"minecraft:tall_grass":28,"minecraft:copper_ore":1,"minecraft:lapis_ore":1,"minecraft:diorite":8,"minecraft:blue_bed":1,"minecraft:warped_wart_block":66,"minecraft:purple_bed":5,"minecraft:redstone_torch":1,"minecraft:sweet_berry_bush":5,"minecraft:spruce_log":323,"minecraft:coal_ore":83,"minecraft:cocoa":3,"minecraft:gravel":7,"minecraft:cyan_carpet":2,"minecraft:cobweb":24,"minecraft:stone_bricks":1,"minecraft:mossy_stone_bricks":1,"minecraft:fern":8},"minecraft:broken":{"minecraft:stone_axe":3,"minecraft:iron_axe":1},"minecraft:dropped":{"minecraft:acacia_boat":1,"minecraft:moss_block":5,"minecraft:oak_log":9,"minecraft:diamond":2,"minecraft:crafting_table":1,"minecraft:cooked_porkchop":4,"minecraft:weeping_vines":3,"minecraft:glow_berries":1,"minecraft:jungle_planks":99,"minecraft:saddle":1,"minecraft:emerald":54,"minecraft:dirt":5,"minecraft:gold_nugget":8,"gravestone:obituary":37,"minecraft:writable_book":1,"minecraft:sand":8,"minecraft:iron_pickaxe":3,"minecraft:dark_oak_planks":26,"minecraft:white_wool":6,"minecraft:gold_ingot":10,"minecraft:bone":1,"minecraft:dark_oak_door":6,"minecraft:stone_axe":4,"minecraft:sugar_cane":105,"minecraft:iron_nugget":9,"alexsmobs:gazelle_horn":2,"alexsmobs:animal_dictionary":1,"minecraft:cobbled_deepslate":1,"minecraft:rotten_flesh":42,"minecraft:oak_planks":46,"alexsmobs:cachalot_whale_tooth":1,"minecraft:carrot":8,"minecraft:chest":1,"minecraft:acacia_sapling":13,"minecraft:arrow":6,"minecraft:warped_wart_block":47,"minecraft:water_bucket":2,"minecraft:iron_ingot":5,"minecraft:bread":8,"minecraft:wheat_seeds":17,"minecraft:smithing_table":1,"minecraft:iron_helmet":1,"minecraft:feather":2,"chococraft:gysahl_green_seeds":15,"minecraft:acacia_log":23,"minecraft:stick":5,"minecraft:torch":64,"chococraft:chocobo_drumstick_raw":1,"minecraft:wooden_axe":3,"minecraft:nether_wart_block":14,"minecraft:iron_leggings":1,"minecraft:iron_axe":1,"minecraft:iron_shovel":1,"minecraft:acacia_planks":47,"minecraft:spruce_sapling":10,"minecraft:bamboo_planks":4,"minecraft:furnace":5,"minecraft:moss_carpet":1,"minecraft:sweet_berries":12,"alexsmobs:acacia_blossom":2,"minecraft:stone_sword":2,"minecraft:cocoa_beans":1,"minecraft:raw_copper":9,"chococraft:chocobo_feather":3,"minecraft:tuff":2,"minecraft:clay_ball":8,"minecraft:iron_boots":1,"minecraft:flint_and_steel":1,"minecraft:filled_map":2,"minecraft:diamond_sword":1,"minecraft:shield":1,"useless_sword:coal_sword":1,"minecraft:diamond_chestplate":2,"minecraft:spruce_planks":69,"minecraft:andesite":54,"minecraft:mossy_stone_bricks":1,"minecraft:oak_sapling":10,"minecraft:redstone_torch":4,"minecraft:bamboo":128,"minecraft:spruce_log":36,"minecraft:stone_pickaxe":6,"minecraft:bow":4,"minecraft:wooden_pickaxe":2,"chococraft:gysahl_green":3},"minecraft:used":{"minecraft:iron_shovel":26,"minecraft:poppy":5,"minecraft:chest":2,"minecraft:shield":45,"minecraft:iron_sword":45,"minecraft:iron_chestplate":2,"minecraft:jungle_planks":142,"useless_sword:vex_ectoplasm":1,"minecraft:carrot":11,"minecraft:axolotl_bucket":3,"minecraft:spruce_boat":2,"minecraft:lava_bucket":18,"minecraft:iron_helmet":1,"minecraft:stone_bricks":1,"minecraft:item_frame":1,"minecraft:bow":1,"minecraft:dark_oak_boat":3,"minecraft:oak_sapling":3,"minecraft:furnace":18,"minecraft:potato":40,"minecraft:diorite":8,"minecraft:stone_pickaxe":130,"minecraft:oak_planks":12,"minecraft:ender_pearl":1,"minecraft:wooden_pickaxe":13,"minecraft:sugar_cane":17,"minecraft:blue_bed":1,"minecraft:diamond_axe":178,"useless_sword:charged_copper_sword":145,"minecraft:bread":43,"minecraft:gravel":5,"minecraft:nether_wart_block":12,"chococraft:gysahl_green":77,"minecraft:bone_meal":26,"minecraft:rose_bush":5,"minecraft:stone_sword":36,"minecraft:flint_and_steel":1,"minecraft:spruce_planks":45,"chococraft:loverly_gysahl_green":5,"minecraft:torch":28,"minecraft:dirt":41,"alexsmobs:cooked_kangaroo_meat":1,"minecraft:granite":13,"minecraft:shroomlight":2,"minecraft:iron_hoe":54,"minecraft:dark_oak_planks":194,"minecraft:wooden_axe":59,"minecraft:iron_axe":285,"minecraft:basalt":19,"minecraft:golden_carrot":8,"minecraft:cooked_beef":11,"minecraft:acacia_planks":25,"minecraft:iron_leggings":1,"minecraft:wheat_seeds":1,"minecraft:cooked_mutton":2,"minecraft:acacia_boat":6,"minecraft:water_bucket":17,"chococraft:gold_gysahl":1,"minecraft:crafting_table":22,"minecraft:white_bed":5,"minecraft:smoker":5,"minecraft:dark_oak_door":1,"minecraft:oak_log":5,"minecraft:diamond_pickaxe":191,"minecraft:apple":1,"chococraft:gysahl_green_seeds":18,"minecraft:iron_pickaxe":104,"alexsmobs:crocodile_egg":1,"useless_sword:copper_sword":54,"minecraft:spruce_sapling":24,"minecraft:stone_axe":608,"minecraft:cobblestone":89,"minecraft:purple_bed":5,"minecraft:cooked_porkchop":6,"minecraft:bucket":40,"alexsmobs:animal_dictionary":1,"minecraft:chainmail_leggings":1},"minecraft:picked_up":{"minecraft:wooden_axe":1,"chococraft:loverly_gysahl_green":5,"minecraft:smithing_table":1,"minecraft:lead":4,"minecraft:string":37,"minecraft:raw_copper":13,"minecraft:smooth_stone_slab":3,"minecraft:shroomlight":2,"minecraft:cobbled_deepslate":1,"minecraft:bucket":1,"minecraft:spruce_planks":66,"minecraft:rose_bush":10,"minecraft:redstone_torch":4,"minecraft:iron_pickaxe":1,"alexsmobs:raccoon_tail":1,"minecraft:coal_block":5,"minecraft:furnace":20,"minecraft:dark_oak_door":4,"minecraft:stick":73,"minecraft:torch":15,"minecraft:acacia_log":63,"minecraft:porkchop":11,"minecraft:diorite":8,"minecraft:rotten_flesh":19,"minecraft:blaze_rod":2,"minecraft:obsidian":4,"minecraft:cobblestone":193,"minecraft:feather":2,"minecraft:water_bucket":1,"minecraft:jungle_log":97,"minecraft:smoker":4,"minecraft:potato":117,"minecraft:flint":1,"minecraft:tuff":2,"minecraft:acacia_boat":7,"minecraft:lapis_lazuli":36,"minecraft:dirt":53,"minecraft:name_tag":1,"minecraft:bone":18,"minecraft:acacia_planks":64,"minecraft:bow":3,"minecraft:wheat_seeds":21,"minecraft:mossy_stone_bricks":1,"minecraft:bamboo":15,"minecraft:moss_block":5,"minecraft:oak_planks":7,"minecraft:warped_wart_block":47,"alexsmobs:crocodile_egg":1,"minecraft:jungle_planks":268,"minecraft:sand":72,"minecraft:ink_sac":4,"minecraft:dark_oak_log":154,"minecraft:polished_andesite":1,"alexsmobs:kangaroo_hide":2,"minecraft:diamond":7,"minecraft:writable_book":1,"minecraft:granite":13,"minecraft:bread":12,"minecraft:oak_sapling":18,"minecraft:cocoa_beans":8,"minecraft:crafting_table":13,"minecraft:clay_ball":8,"minecraft:gold_block":17,"gravestone:obituary":25,"minecraft:moss_carpet":1,"minecraft:iron_axe":1,"minecraft:item_frame":1,"minecraft:beef":21,"minecraft:jungle_sapling":2,"minecraft:iron_nugget":6,"minecraft:poppy":5,"minecraft:lectern":1,"minecraft:sugar_cane":195,"minecraft:spruce_trapdoor":9,"minecraft:dark_oak_sapling":8,"minecraft:raw_iron":76,"minecraft:copper_ingot":4,"minecraft:carrot":24,"alexsmobs:crocodile_scute":1,"minecraft:dark_oak_planks":9,"minecraft:arrow":9,"minecraft:weeping_vines":3,"minecraft:hay_block":9,"minecraft:glow_berries":1,"minecraft:mutton":17,"alexsmobs:kangaroo_meat":1,"minecraft:white_wool":17,"minecraft:basalt":27,"minecraft:crimson_stem":5,"minecraft:leather":9,"alexsmobs:acacia_blossom":1,"minecraft:oak_log":100,"minecraft:nether_wart_block":26,"minecraft:blue_bed":1,"chococraft:gysahl_green":119,"minecraft:apple":3,"minecraft:stone_bricks":1,"chococraft:gold_gysahl":1,"minecraft:warped_stem":7,"minecraft:iron_ingot":8,"minecraft:stone_pickaxe":1,"minecraft:iron_sword":1,"minecraft:acacia_sapling":14,"minecraft:pumpkin":13,"minecraft:sweet_berries":12,"minecraft:gravel":5,"chococraft:gysahl_green_seeds":41,"minecraft:spruce_sapling":66,"minecraft:white_bed":3,"minecraft:spruce_log":410,"minecraft:spider_eye":1,"alexsmobs:raw_catfish":2,"minecraft:purple_bed":5,"useless_sword:vex_ectoplasm":1,"minecraft:diamond_axe":1,"minecraft:coal":128,"minecraft:ender_pearl":1}},"DataVersion":3465}