{"stats":{"minecraft:killed":{"minecraft:spider":4,"creeperoverhaul:bamboo_creeper":1,"minecraft:skeleton":14,"creeperoverhaul:dark_oak_creeper":1,"alexsmobs:kangaroo":1,"minecraft:pig":4,"alexsmobs:seal":3,"minecraft:sheep":3,"alexsmobs:flutter":1,"minecraft:zombie":15,"alexsmobs:toucan":1,"minecraft:cow":8},"minecraft:custom":{"minecraft:mob_kills":57,"minecraft:interact_with_crafting_table":46,"minecraft:open_barrel":33,"minecraft:leave_game":1,"minecraft:time_since_death":58987,"minecraft:climb_one_cm":1491,"minecraft:sprint_one_cm":293489,"minecraft:walk_one_cm":160025,"minecraft:damage_blocked_by_shield":1440,"minecraft:drop":69,"minecraft:play_time":102845,"minecraft:deaths":3,"minecraft:sneak_time":4125,"minecraft:walk_under_water_one_cm":9478,"minecraft:boat_one_cm":213390,"minecraft:jump":1939,"minecraft:walk_on_water_one_cm":11868,"minecraft:total_world_time":102845,"minecraft:interact_with_furnace":48,"minecraft:interact_with_grindstone":1,"minecraft:time_since_rest":60409,"minecraft:damage_taken":3532,"minecraft:damage_dealt":9249,"minecraft:player_kills":1,"minecraft:swim_one_cm":14313,"minecraft:fly_one_cm":291400,"minecraft:open_chest":20,"minecraft:crouch_one_cm":12642,"minecraft:interact_with_smoker":11,"minecraft:fall_one_cm":55590},"minecraft:killed_by":{"minecraft:player":1},"minecraft:crafted":{"minecraft:furnace":4,"minecraft:dark_oak_door":3,"minecraft:iron_boots":1,"minecraft:iron_axe":1,"minecraft:stone_pickaxe":2,"useless_sword:copper_sword":1,"minecraft:dark_oak_planks":96,"minecraft:smoker":1,"minecraft:cooked_beef":15,"minecraft:crimson_planks":20,"minecraft:crafting_table":6,"minecraft:wooden_pickaxe":1,"minecraft:iron_helmet":1,"alexsmobs:cooked_kangaroo_meat":1,"minecraft:copper_ingot":4,"minecraft:bucket":1,"minecraft:stone_axe":6,"minecraft:acacia_boat":2,"minecraft:air":0,"minecraft:jungle_planks":256,"minecraft:iron_chestplate":2,"minecraft:diamond_pickaxe":1,"minecraft:shield":2,"minecraft:stick":16,"minecraft:iron_ingot":51,"minecraft:iron_pickaxe":2,"minecraft:stone_sword":2,"minecraft:iron_leggings":1,"minecraft:acacia_planks":24,"minecraft:torch":8},"minecraft:mined":{"minecraft:dark_oak_planks":6,"minecraft:tuff":2,"minecraft:deepslate_diamond_ore":7,"alexsmobs:leafcutter_anthill":1,"minecraft:dark_oak_log":182,"minecraft:obsidian":4,"minecraft:granite":13,"minecraft:cave_vines_plant":2,"gravestone:gravestone":2,"minecraft:acacia_log":6,"minecraft:grass_block":6,"minecraft:jungle_log":98,"minecraft:coal_block":5,"minecraft:moss_block":5,"minecraft:crimson_stem":5,"minecraft:furnace":11,"minecraft:iron_ore":74,"minecraft:fire":3,"minecraft:deepslate_lapis_ore":5,"minecraft:anvil":1,"chococraft:gysahl_green":29,"minecraft:vine":2,"minecraft:deepslate_iron_ore":1,"minecraft:cave_vines":2,"minecraft:shroomlight":2,"minecraft:warped_stem":8,"minecraft:bamboo":3,"minecraft:stone":101,"minecraft:acacia_leaves":1,"minecraft:smoker":2,"minecraft:crafting_table":10,"minecraft:clay":2,"minecraft:torch":6,"minecraft:lectern":1,"minecraft:copper_ore":1,"minecraft:tall_grass":20,"minecraft:cobblestone":5,"minecraft:lapis_ore":1,"minecraft:sugar_cane":7,"minecraft:oak_planks":1,"minecraft:diorite":8,"minecraft:wall_torch":4,"minecraft:warped_wart_block":66,"minecraft:nether_wart_block":51,"minecraft:spruce_log":86,"minecraft:smooth_stone_slab":3,"minecraft:grass":63,"minecraft:oak_log":53,"minecraft:coal_ore":32,"minecraft:cocoa":3,"minecraft:dirt":8,"minecraft:cobweb":24,"minecraft:stone_bricks":1,"minecraft:mossy_stone_bricks":1,"minecraft:oak_leaves":1,"minecraft:deepslate":1,"minecraft:fern":4},"minecraft:broken":{"minecraft:stone_axe":3},"minecraft:dropped":{"minecraft:water_bucket":2,"minecraft:moss_block":5,"minecraft:wheat_seeds":1,"minecraft:feather":2,"minecraft:weeping_vines":3,"minecraft:glow_berries":1,"chococraft:gysahl_green_seeds":11,"minecraft:jungle_planks":99,"minecraft:acacia_log":23,"minecraft:stick":3,"minecraft:dirt":2,"minecraft:wooden_axe":1,"minecraft:nether_wart_block":14,"gravestone:obituary":2,"minecraft:writable_book":1,"minecraft:iron_pickaxe":2,"minecraft:dark_oak_planks":26,"minecraft:acacia_planks":47,"minecraft:spruce_sapling":10,"minecraft:bone":1,"minecraft:dark_oak_door":3,"minecraft:stone_axe":4,"minecraft:moss_carpet":1,"alexsmobs:acacia_blossom":1,"alexsmobs:gazelle_horn":2,"minecraft:iron_nugget":9,"minecraft:stone_sword":2,"alexsmobs:animal_dictionary":1,"minecraft:cobbled_deepslate":1,"minecraft:tuff":2,"minecraft:rotten_flesh":13,"minecraft:clay_ball":8,"minecraft:diamond_chestplate":1,"minecraft:andesite":54,"minecraft:mossy_stone_bricks":1,"minecraft:arrow":4,"minecraft:bow":3,"minecraft:wooden_pickaxe":1,"minecraft:stone_pickaxe":5,"minecraft:warped_wart_block":47,"chococraft:gysahl_green":3},"minecraft:used":{"minecraft:stone_sword":36,"minecraft:shield":24,"minecraft:iron_sword":34,"minecraft:iron_chestplate":1,"minecraft:torch":20,"minecraft:dirt":9,"minecraft:jungle_planks":142,"alexsmobs:cooked_kangaroo_meat":1,"minecraft:granite":13,"minecraft:axolotl_bucket":2,"minecraft:shroomlight":2,"minecraft:dark_oak_planks":66,"minecraft:lava_bucket":8,"minecraft:iron_axe":35,"minecraft:iron_helmet":1,"minecraft:stone_bricks":1,"minecraft:item_frame":1,"minecraft:bow":1,"minecraft:golden_carrot":8,"minecraft:furnace":11,"minecraft:cooked_beef":5,"minecraft:iron_leggings":1,"minecraft:acacia_boat":2,"minecraft:water_bucket":6,"minecraft:diorite":8,"minecraft:stone_pickaxe":105,"minecraft:oak_planks":1,"minecraft:wooden_pickaxe":9,"useless_sword:charged_copper_sword":34,"minecraft:crafting_table":14,"minecraft:smoker":2,"minecraft:dark_oak_door":1,"minecraft:diamond_pickaxe":73,"minecraft:apple":1,"chococraft:gysahl_green_seeds":7,"minecraft:bread":15,"minecraft:iron_pickaxe":104,"useless_sword:copper_sword":54,"minecraft:stone_axe":607,"minecraft:nether_wart_block":12,"minecraft:cobblestone":14,"minecraft:bucket":18,"chococraft:gysahl_green":58,"alexsmobs:animal_dictionary":1,"minecraft:chainmail_leggings":1},"minecraft:picked_up":{"minecraft:cocoa_beans":7,"chococraft:loverly_gysahl_green":1,"minecraft:crafting_table":10,"minecraft:clay_ball":8,"minecraft:string":24,"minecraft:moss_carpet":1,"minecraft:raw_copper":4,"minecraft:iron_axe":1,"minecraft:smooth_stone_slab":3,"minecraft:item_frame":1,"minecraft:shroomlight":2,"minecraft:cobbled_deepslate":1,"minecraft:bucket":1,"minecraft:beef":18,"minecraft:jungle_sapling":2,"minecraft:iron_nugget":6,"minecraft:iron_pickaxe":1,"minecraft:lectern":1,"minecraft:coal_block":5,"minecraft:sugar_cane":11,"minecraft:furnace":10,"minecraft:dark_oak_door":4,"minecraft:dark_oak_sapling":8,"minecraft:stick":19,"minecraft:raw_iron":75,"minecraft:torch":9,"minecraft:acacia_log":6,"minecraft:porkchop":8,"minecraft:diorite":8,"minecraft:dark_oak_planks":6,"minecraft:weeping_vines":3,"minecraft:arrow":5,"minecraft:rotten_flesh":13,"minecraft:glow_berries":1,"minecraft:mutton":3,"minecraft:obsidian":4,"alexsmobs:kangaroo_meat":1,"minecraft:white_wool":2,"minecraft:cobblestone":148,"minecraft:feather":2,"minecraft:crimson_stem":5,"minecraft:water_bucket":1,"minecraft:jungle_log":97,"minecraft:leather":7,"minecraft:smoker":2,"minecraft:tuff":2,"minecraft:oak_log":53,"minecraft:nether_wart_block":26,"minecraft:acacia_boat":2,"minecraft:lapis_lazuli":36,"minecraft:dirt":19,"minecraft:bone":13,"chococraft:gysahl_green":66,"minecraft:acacia_planks":64,"minecraft:apple":3,"minecraft:stone_bricks":1,"chococraft:gold_gysahl":1,"minecraft:bow":3,"minecraft:wheat_seeds":4,"minecraft:warped_stem":7,"minecraft:mossy_stone_bricks":1,"minecraft:bamboo":15,"minecraft:oak_planks":1,"minecraft:moss_block":5,"minecraft:iron_sword":1,"minecraft:acacia_sapling":1,"minecraft:warped_wart_block":47,"minecraft:jungle_planks":268,"minecraft:spruce_sapling":4,"chococraft:gysahl_green_seeds":26,"minecraft:spruce_log":85,"minecraft:dark_oak_log":154,"minecraft:spider_eye":1,"alexsmobs:kangaroo_hide":2,"minecraft:diamond":7,"minecraft:writable_book":1,"minecraft:granite":13,"minecraft:oak_sapling":9,"minecraft:coal":60}},"DataVersion":3465}