{"stats":{"minecraft:killed":{"minecraft:spider":2,"minecraft:silverfish":1,"alexsmobs:centipede_head":1,"minecraft:zombie_villager":2,"minecraft:sheep":2,"minecraft:zombie":11,"alexsmobs:cockroach":1,"alexsmobs:gazelle":2,"alexsmobs:crow":1,"minecraft:cow":1},"minecraft:custom":{"minecraft:mob_kills":24,"minecraft:interact_with_crafting_table":10,"minecraft:open_barrel":71,"minecraft:leave_game":9,"minecraft:time_since_death":9081,"minecraft:sprint_one_cm":283069,"minecraft:walk_one_cm":241592,"minecraft:damage_blocked_by_shield":1440,"minecraft:drop":70,"minecraft:play_time":110531,"minecraft:deaths":5,"minecraft:sneak_time":1318,"minecraft:walk_under_water_one_cm":8526,"minecraft:boat_one_cm":51881,"minecraft:interact_with_lectern":1,"minecraft:jump":1576,"minecraft:walk_on_water_one_cm":8562,"minecraft:total_world_time":110531,"minecraft:interact_with_furnace":3,"minecraft:time_since_rest":9116,"minecraft:damage_taken":2686,"minecraft:damage_dealt":4242,"minecraft:fly_one_cm":501981,"minecraft:swim_one_cm":31154,"minecraft:player_kills":1,"minecraft:open_chest":40,"minecraft:crouch_one_cm":3032,"minecraft:fall_one_cm":33416},"minecraft:killed_by":{"minecraft:player":1,"minecraft:zombie":1},"minecraft:crafted":{"minecraft:oak_planks":20,"minecraft:stone_pickaxe":4,"minecraft:crafting_table":1,"minecraft:spruce_planks":12,"minecraft:wooden_pickaxe":2,"minecraft:stone_axe":1,"minecraft:acacia_boat":1,"minecraft:iron_pickaxe":1,"minecraft:stick":48,"minecraft:wooden_axe":2,"minecraft:acacia_planks":68,"minecraft:torch":96},"minecraft:mined":{"minecraft:stripped_warped_stem":1,"minecraft:dark_oak_log":28,"gravestone:gravestone":5,"minecraft:granite":20,"minecraft:acacia_log":39,"minecraft:spawner":2,"minecraft:large_fern":6,"minecraft:tall_seagrass":2,"minecraft:furnace":1,"minecraft:iron_ore":1,"minecraft:barrel":1,"minecraft:andesite":54,"minecraft:stone":196,"minecraft:spruce_slab":3,"minecraft:kelp_plant":1,"minecraft:crafting_table":5,"minecraft:torch":2,"minecraft:lectern":1,"minecraft:tall_grass":2,"minecraft:cobblestone":21,"minecraft:iron_door":2,"minecraft:wall_torch":1,"minecraft:seagrass":6,"minecraft:black_wall_banner":1,"minecraft:spruce_log":65,"minecraft:stone_brick_stairs":1,"minecraft:smooth_stone_slab":1,"minecraft:grass":2,"minecraft:oak_log":5,"minecraft:coal_ore":1,"minecraft:gravel":1,"minecraft:cobweb":50,"minecraft:cracked_stone_bricks":2,"minecraft:stone_bricks":3,"minecraft:mossy_stone_bricks":1,"minecraft:oak_leaves":2,"minecraft:deepslate":3},"minecraft:broken":{"minecraft:stone_pickaxe":1},"minecraft:dropped":{"minecraft:enchanted_book":1,"minecraft:ender_pearl":1,"minecraft:crafting_table":3,"alexsmobs:kangaroo_meat":2,"minecraft:cobblestone":413,"minecraft:black_banner":1,"minecraft:coal":54,"minecraft:item_frame":3,"minecraft:stick":31,"minecraft:mutton":2,"minecraft:map":3,"minecraft:iron_leggings":2,"gravestone:obituary":1,"minecraft:iron_axe":3,"minecraft:iron_pickaxe":1,"minecraft:string":72,"minecraft:acacia_planks":49,"minecraft:bone":3,"minecraft:rotten_flesh":9,"minecraft:rabbit_foot":1,"alexsmobs:kangaroo_hide":2,"minecraft:filled_map":3,"minecraft:potato":7,"minecraft:shield":3,"alexsmobs:cockroach_wing_fragment":1,"minecraft:iron_chestplate":3,"minecraft:charcoal":4,"minecraft:stone_brick_wall":3,"minecraft:oak_sapling":24,"minecraft:acacia_sapling":2,"minecraft:barrel":3,"minecraft:spruce_log":22,"minecraft:slime_ball":3,"minecraft:arrow":3},"minecraft:used":{"minecraft:stripped_warped_stem":1,"minecraft:shield":23,"minecraft:iron_sword":120,"minecraft:torch":75,"minecraft:mutton":1,"minecraft:wooden_axe":62,"minecraft:iron_axe":8,"minecraft:bow":2,"minecraft:acacia_boat":1,"minecraft:stone_pickaxe":252,"minecraft:oak_planks":2,"minecraft:wooden_pickaxe":23,"minecraft:crafting_table":5,"minecraft:apple":1,"minecraft:bread":22,"minecraft:iron_pickaxe":36,"minecraft:map":1,"minecraft:stone_axe":96,"minecraft:cobblestone":43},"minecraft:picked_up":{"minecraft:charcoal":4,"minecraft:crafting_table":5,"minecraft:iron_chestplate":6,"minecraft:anvil":2,"minecraft:lead":2,"minecraft:stone_brick_wall":9,"minecraft:enchanted_book":4,"minecraft:diamond_horse_armor":1,"gravestone:obituary":2,"minecraft:shield":6,"alexsmobs:gazelle_horn":2,"minecraft:string":72,"minecraft:iron_axe":5,"minecraft:iron_leggings":3,"minecraft:item_frame":5,"minecraft:stripped_warped_stem":1,"minecraft:iron_pickaxe":2,"minecraft:lectern":1,"minecraft:iron_boots":1,"minecraft:furnace":2,"minecraft:stick":48,"minecraft:raw_iron":1,"minecraft:torch":3,"minecraft:acacia_log":40,"minecraft:redstone":6,"minecraft:rabbit_foot":3,"minecraft:diamond_chestplate":2,"minecraft:arrow":5,"minecraft:rotten_flesh":36,"minecraft:gold_ingot":7,"minecraft:black_banner":1,"minecraft:mutton":3,"alexsmobs:kangaroo_meat":2,"minecraft:white_wool":2,"minecraft:cobblestone":512,"minecraft:iron_door":1,"minecraft:water_bucket":1,"minecraft:andesite":54,"minecraft:leather":1,"alexsmobs:acacia_blossom":1,"minecraft:filled_map":4,"minecraft:oak_log":5,"minecraft:map":6,"minecraft:dirt":5,"minecraft:bone":5,"minecraft:acacia_planks":98,"minecraft:apple":1,"minecraft:kelp":4,"alexsmobs:cockroach_wing_fragment":1,"minecraft:iron_sword":2,"minecraft:acacia_sapling":14,"minecraft:spruce_sapling":6,"minecraft:spruce_log":65,"minecraft:dark_oak_log":28,"minecraft:spruce_door":1,"minecraft:barrel":5,"alexsmobs:kangaroo_hide":2,"minecraft:slime_ball":5,"minecraft:granite":20,"minecraft:oak_sapling":27,"minecraft:coal":149,"minecraft:ender_pearl":1}},"DataVersion":3465}