{"stats":{"minecraft:custom":{"minecraft:time_since_rest":1957,"minecraft:crouch_one_cm":51,"minecraft:play_time":1957,"minecraft:sprint_one_cm":2771,"minecraft:walk_one_cm":1698,"minecraft:sneak_time":158,"minecraft:walk_under_water_one_cm":340,"minecraft:jump":34,"minecraft:time_since_death":1957,"minecraft:walk_on_water_one_cm":232,"minecraft:total_world_time":1957,"minecraft:interact_with_crafting_table":1,"minecraft:fall_one_cm":1103,"minecraft:fly_one_cm":7161},"minecraft:crafted":{"minecraft:oak_planks":20,"minecraft:crafting_table":1,"minecraft:stick":8,"minecraft:wooden_pickaxe":1,"minecraft:wooden_axe":1},"minecraft:mined":{"minecraft:acacia_log":10,"minecraft:oak_log":5,"minecraft:oak_leaves":2,"minecraft:crafting_table":1},"minecraft:used":{"minecraft:wooden_axe":12,"minecraft:crafting_table":1},"minecraft:picked_up":{"minecraft:crafting_table":1,"minecraft:apple":1,"minecraft:acacia_log":7,"minecraft:oak_log":5,"minecraft:oak_sapling":2}},"DataVersion":3465}