{"stats":{"minecraft:killed_by":{"minecraft:player":1,"minecraft:zombie":1},"minecraft:crafted":{"hangglider:glider_framework":1,"minecraft:oak_planks":20,"securitycraft:sentry":1,"chococraft:chocobo_whistle":1,"hangglider:hang_glider":1,"securitycraft:keypad_item":1,"hangglider:glider_wing":2,"minecraft:heavy_weighted_pressure_plate":1,"minecraft:glass_pane":16,"securitycraft:laser_block":1,"minecraft:glass":8,"minecraft:stone_pickaxe":4,"minecraft:chest":9,"minecraft:redstone_block":2,"minecraft:wheat":126,"securitycraft:portable_radar":1,"minecraft:crafting_table":2,"minecraft:spruce_planks":256,"securitycraft:reinforced_stone_button":10,"minecraft:wooden_pickaxe":2,"securitycraft:taser":2,"minecraft:stone_axe":1,"minecraft:acacia_boat":1,"minecraft:bread":42,"minecraft:air":0,"securitycraft:reinforced_stone":10,"minecraft:dispenser":1,"securitycraft:remote_access_sentry":1,"minecraft:stick":96,"minecraft:iron_ingot":12,"securitycraft:security_camera":1,"minecraft:iron_pickaxe":1,"minecraft:wooden_axe":2,"minecraft:iron_block":3,"securitycraft:camera_monitor":1,"chococraft:chocobo_saddle":1,"minecraft:redstone_torch":3,"minecraft:acacia_planks":68,"minecraft:torch":224,"securitycraft:universal_block_reinforcer_lvl1":1},"minecraft:broken":{"minecraft:stone_pickaxe":1},"minecraft:used":{"minecraft:chest":10,"minecraft:stripped_warped_stem":1,"minecraft:spruce_planks":82,"minecraft:shield":47,"minecraft:iron_sword":218,"securitycraft:security_camera":1,"minecraft:torch":146,"minecraft:dirt":3,"minecraft:anvil":1,"minecraft:mutton":1,"securitycraft:keypad_item":1,"securitycraft:camera_monitor":1,"minecraft:wooden_axe":62,"minecraft:iron_axe":27,"securitycraft:remote_access_sentry":1,"securitycraft:sentry":1,"minecraft:bow":9,"minecraft:furnace":2,"minecraft:acacia_boat":1,"minecraft:water_bucket":5,"securitycraft:reinforced_cobblestone":3,"minecraft:stone_pickaxe":252,"minecraft:oak_planks":2,"minecraft:wooden_pickaxe":23,"minecraft:crafting_table":6,"minecraft:blast_furnace":1,"minecraft:apple":1,"minecraft:bread":63,"minecraft:map":1,"minecraft:iron_pickaxe":172,"minecraft:stone_axe":96,"minecraft:cobblestone":126,"minecraft:bucket":5},"minecraft:mined":{"minecraft:stripped_warped_stem":1,"minecraft:spruce_planks":18,"minecraft:dark_oak_log":28,"minecraft:granite":22,"gravestone:gravestone":6,"minecraft:acacia_log":39,"minecraft:grass_block":4,"minecraft:oxeye_daisy":1,"minecraft:spawner":2,"minecraft:large_fern":6,"minecraft:hay_block":14,"minecraft:tall_seagrass":2,"minecraft:redstone_ore":5,"minecraft:furnace":1,"minecraft:iron_ore":65,"minecraft:fire":1,"minecraft:barrel":1,"minecraft:andesite":66,"chococraft:gysahl_green":9,"minecraft:stone":222,"minecraft:spruce_slab":3,"minecraft:deepslate_redstone_ore":2,"minecraft:kelp_plant":1,"minecraft:crafting_table":5,"minecraft:torch":5,"minecraft:blast_furnace":1,"minecraft:chest":1,"minecraft:lectern":1,"minecraft:tall_grass":6,"minecraft:cobblestone":27,"minecraft:wall_torch":2,"minecraft:diorite":9,"minecraft:iron_door":2,"minecraft:seagrass":6,"minecraft:black_wall_banner":1,"minecraft:spruce_log":65,"minecraft:stone_brick_stairs":1,"minecraft:smooth_stone_slab":1,"minecraft:grass":21,"minecraft:oak_log":5,"minecraft:coal_ore":1,"minecraft:gravel":2,"minecraft:sand":6,"minecraft:dirt":6,"minecraft:cobweb":50,"minecraft:cracked_stone_bricks":2,"minecraft:stone_bricks":3,"minecraft:gold_ore":4,"minecraft:mossy_stone_bricks":1,"minecraft:oak_leaves":2,"minecraft:deepslate":4},"minecraft:picked_up":{"chococraft:loverly_gysahl_green":1,"minecraft:charcoal":4,"minecraft:crafting_table":5,"minecraft:iron_chestplate":6,"minecraft:anvil":2,"minecraft:lead":2,"securitycraft:taser":1,"minecraft:stone_brick_wall":9,"securitycraft:reinforced_glass_pane":19,"minecraft:enchanted_book":4,"minecraft:diamond_horse_armor":1,"gravestone:obituary":3,"minecraft:shield":6,"alexsmobs:gazelle_horn":2,"minecraft:string":73,"minecraft:raw_copper":5,"minecraft:iron_axe":5,"minecraft:iron_leggings":3,"minecraft:item_frame":5,"minecraft:cobbled_deepslate":1,"minecraft:stripped_warped_stem":1,"minecraft:spruce_planks":18,"minecraft:iron_pickaxe":2,"minecraft:lectern":1,"minecraft:chest":1,"minecraft:iron_boots":1,"minecraft:furnace":2,"minecraft:egg":1,"securitycraft:reinforced_redstone_block":1,"minecraft:stick":48,"minecraft:raw_iron":65,"securitycraft:reinforced_cobblestone":26,"minecraft:torch":7,"minecraft:acacia_log":40,"securitycraft:camera_monitor":1,"minecraft:diorite":9,"minecraft:redstone":36,"minecraft:rabbit_foot":3,"minecraft:arrow":22,"minecraft:stone_sword":1,"minecraft:diamond_chestplate":2,"minecraft:rotten_flesh":47,"minecraft:hay_block":14,"minecraft:gold_ingot":7,"minecraft:black_banner":1,"minecraft:mutton":3,"alexsmobs:kangaroo_meat":2,"minecraft:white_wool":2,"minecraft:cobblestone":568,"minecraft:oxeye_daisy":2,"minecraft:iron_door":1,"minecraft:water_bucket":1,"minecraft:andesite":66,"minecraft:leather":8,"alexsmobs:acacia_blossom":1,"minecraft:filled_map":4,"minecraft:oak_log":5,"minecraft:map":6,"securitycraft:reinforced_glass":1,"minecraft:dirt":31,"chococraft:chocobo_feather":2,"minecraft:bone":10,"minecraft:acacia_planks":98,"chococraft:gysahl_green":29,"minecraft:apple":1,"chococraft:gold_gysahl":2,"minecraft:kelp":4,"minecraft:wheat_seeds":1,"alexsmobs:cockroach_wing_fragment":1,"minecraft:raw_gold":4,"minecraft:iron_sword":2,"minecraft:acacia_sapling":14,"minecraft:gravel":1,"minecraft:sand":6,"minecraft:spruce_sapling":6,"chococraft:gysahl_green_seeds":8,"minecraft:spruce_door":1,"minecraft:blast_furnace":1,"minecraft:dark_oak_log":28,"securitycraft:reinforced_iron_block":3,"minecraft:spruce_log":65,"securitycraft:reinforced_dispenser":1,"minecraft:barrel":5,"alexsmobs:kangaroo_hide":2,"minecraft:slime_ball":5,"minecraft:granite":24,"minecraft:oak_sapling":27,"minecraft:coal":149,"minecraft:ender_pearl":1},"minecraft:dropped":{"minecraft:enchanted_book":1,"minecraft:ender_pearl":1,"minecraft:crafting_table":3,"alexsmobs:kangaroo_meat":2,"minecraft:cobblestone":437,"minecraft:leather":1,"minecraft:black_banner":1,"minecraft:coal":54,"minecraft:item_frame":3,"minecraft:stick":31,"minecraft:oxeye_daisy":1,"minecraft:mutton":2,"minecraft:map":3,"minecraft:iron_leggings":2,"gravestone:obituary":2,"minecraft:iron_axe":3,"minecraft:iron_pickaxe":1,"minecraft:string":72,"minecraft:acacia_planks":49,"minecraft:bone":3,"minecraft:rotten_flesh":10,"securitycraft:taser":2,"minecraft:rabbit_foot":1,"alexsmobs:kangaroo_hide":2,"minecraft:filled_map":3,"minecraft:potato":7,"minecraft:shield":3,"minecraft:acacia_sapling":2,"minecraft:diamond_chestplate":1,"alexsmobs:cockroach_wing_fragment":1,"minecraft:iron_chestplate":3,"minecraft:stone_brick_wall":3,"minecraft:oak_sapling":24,"minecraft:charcoal":4,"minecraft:barrel":3,"securitycraft:camera_monitor":1,"minecraft:slime_ball":3,"minecraft:spruce_log":22,"minecraft:arrow":3},"minecraft:custom":{"minecraft:mob_kills":51,"minecraft:interact_with_crafting_table":40,"minecraft:open_barrel":71,"minecraft:leave_game":11,"minecraft:time_since_death":115302,"minecraft:sprint_one_cm":474431,"minecraft:walk_one_cm":425267,"minecraft:damage_blocked_by_shield":3015,"minecraft:drop":79,"minecraft:talked_to_villager":3,"minecraft:play_time":216752,"minecraft:deaths":5,"minecraft:sneak_time":3187,"minecraft:walk_under_water_one_cm":8984,"minecraft:boat_one_cm":51881,"minecraft:interact_with_lectern":1,"minecraft:jump":3525,"minecraft:walk_on_water_one_cm":13702,"minecraft:total_world_time":216752,"minecraft:interact_with_furnace":31,"minecraft:sleep_in_bed":3,"minecraft:time_since_rest":17373,"minecraft:damage_taken":4033,"minecraft:damage_dealt":9139,"minecraft:player_kills":1,"minecraft:fly_one_cm":1015654,"minecraft:swim_one_cm":31154,"minecraft:open_chest":113,"minecraft:crouch_one_cm":7174,"minecraft:fall_one_cm":69984},"minecraft:killed":{"minecraft:spider":5,"minecraft:skeleton":5,"minecraft:horse":4,"minecraft:silverfish":1,"alexsmobs:centipede_head":1,"minecraft:zombie_villager":2,"minecraft:sheep":2,"minecraft:trader_llama":1,"alexsmobs:cockroach":1,"minecraft:zombie":25,"alexsmobs:gazelle":2,"alexsmobs:crow":1,"minecraft:cow":1}},"DataVersion":3465}