{"stats":{"minecraft:killed":{"alexsmobs:gazelle":2,"alexsmobs:crow":1},"minecraft:custom":{"minecraft:interact_with_furnace":2,"minecraft:mob_kills":3,"minecraft:interact_with_crafting_table":5,"minecraft:open_barrel":7,"minecraft:time_since_death":9760,"minecraft:time_since_rest":9847,"minecraft:sprint_one_cm":62646,"minecraft:damage_taken":1026,"minecraft:walk_one_cm":70799,"minecraft:drop":3,"minecraft:damage_dealt":606,"minecraft:swim_one_cm":25827,"minecraft:fly_one_cm":84595,"minecraft:open_chest":3,"minecraft:crouch_one_cm":188,"minecraft:play_time":37957,"minecraft:deaths":1,"minecraft:sneak_time":217,"minecraft:walk_under_water_one_cm":2687,"minecraft:boat_one_cm":51881,"minecraft:jump":572,"minecraft:walk_on_water_one_cm":5710,"minecraft:total_world_time":37957,"minecraft:fall_one_cm":12242},"minecraft:killed_by":{"minecraft:player":1},"minecraft:crafted":{"minecraft:oak_planks":20,"minecraft:crafting_table":1,"minecraft:wooden_pickaxe":2,"minecraft:stone_axe":1,"minecraft:acacia_boat":1,"minecraft:stick":24,"minecraft:stone_pickaxe":4,"minecraft:wooden_axe":2,"minecraft:acacia_planks":68},"minecraft:mined":{"minecraft:stripped_warped_stem":1,"minecraft:kelp_plant":1,"minecraft:dark_oak_log":28,"minecraft:crafting_table":5,"minecraft:granite":20,"minecraft:acacia_log":39,"minecraft:tall_grass":2,"minecraft:wall_torch":1,"minecraft:seagrass":1,"minecraft:furnace":1,"minecraft:iron_ore":1,"minecraft:spruce_log":65,"minecraft:andesite":54,"minecraft:grass":2,"minecraft:oak_log":5,"minecraft:coal_ore":1,"minecraft:stone":196,"minecraft:oak_leaves":2},"minecraft:broken":{"minecraft:stone_pickaxe":1},"minecraft:dropped":{"alexsmobs:kangaroo_meat":2,"minecraft:cobblestone":42,"alexsmobs:kangaroo_hide":2},"minecraft:used":{"minecraft:acacia_boat":1,"minecraft:stone_pickaxe":252,"minecraft:oak_planks":2,"minecraft:stripped_warped_stem":1,"minecraft:wooden_pickaxe":22,"minecraft:mutton":1,"minecraft:crafting_table":4,"minecraft:wooden_axe":61,"minecraft:apple":1,"minecraft:bread":6,"minecraft:stone_axe":96,"minecraft:cobblestone":1},"minecraft:picked_up":{"minecraft:crafting_table":5,"minecraft:anvil":1,"minecraft:andesite":54,"alexsmobs:acacia_blossom":1,"minecraft:oak_log":5,"minecraft:shield":1,"alexsmobs:gazelle_horn":2,"minecraft:dirt":5,"minecraft:item_frame":1,"minecraft:apple":1,"minecraft:kelp":4,"minecraft:stripped_warped_stem":1,"minecraft:acacia_sapling":12,"minecraft:iron_sword":1,"minecraft:furnace":2,"minecraft:stick":17,"minecraft:raw_iron":1,"minecraft:torch":1,"minecraft:acacia_log":40,"minecraft:spruce_sapling":6,"minecraft:spruce_log":65,"minecraft:dark_oak_log":28,"alexsmobs:kangaroo_hide":2,"minecraft:diamond_chestplate":1,"minecraft:granite":20,"minecraft:oak_sapling":3,"minecraft:mutton":1,"minecraft:coal":1,"alexsmobs:kangaroo_meat":2,"minecraft:cobblestone":186}},"DataVersion":3465}