{"stats":{"minecraft:killed":{"minecraft:spider":15,"minecraft:skeleton":24,"minecraft:silverfish":1,"alexsmobs:centipede_head":1,"minecraft:zombie_villager":2,"minecraft:sheep":2,"minecraft:trader_llama":1,"minecraft:zombie":70,"alexsmobs:terrapin":1,"minecraft:stray":15,"minecraft:cow":1,"minecraft:horse":4,"minecraft:husk":3,"alexsmobs:cockroach":1,"alexsmobs:gazelle":2,"alexsmobs:crow":1},"minecraft:custom":{"minecraft:interact_with_crafting_table":56,"minecraft:open_barrel":89,"minecraft:bell_ring":77,"minecraft:leave_game":15,"minecraft:time_since_death":3883,"minecraft:sprint_one_cm":868393,"minecraft:damage_blocked_by_shield":9180,"minecraft:drop":210,"minecraft:talked_to_villager":4,"minecraft:play_time":412849,"minecraft:deaths":18,"minecraft:jump":7430,"minecraft:walk_on_water_one_cm":49511,"minecraft:interact_with_furnace":43,"minecraft:interact_with_loom":1,"minecraft:sleep_in_bed":11,"minecraft:damage_dealt":27923,"minecraft:player_kills":1,"minecraft:crouch_one_cm":28594,"minecraft:mob_kills":150,"minecraft:climb_one_cm":20739,"minecraft:walk_one_cm":792787,"minecraft:target_hit":1,"minecraft:sneak_time":12646,"minecraft:walk_under_water_one_cm":38776,"minecraft:boat_one_cm":185791,"minecraft:interact_with_lectern":1,"minecraft:total_world_time":412849,"minecraft:time_since_rest":3944,"minecraft:damage_taken":12652,"minecraft:swim_one_cm":101707,"minecraft:fly_one_cm":1846794,"minecraft:open_chest":205,"minecraft:fall_one_cm":166433},"minecraft:killed_by":{"minecraft:zombie":2,"minecraft:vex":1,"minecraft:player":2},"minecraft:crafted":{"minecraft:oak_planks":240,"chococraft:chocobo_whistle":1,"hangglider:hang_glider":1,"securitycraft:keypad_item":1,"minecraft:heavy_weighted_pressure_plate":1,"securitycraft:laser_block":1,"minecraft:bamboo_block":7,"minecraft:glass":8,"minecraft:iron_boots":1,"minecraft:chest":9,"minecraft:bamboo_raft":2,"minecraft:crafting_table":7,"minecraft:spruce_planks":256,"securitycraft:reinforced_stone_button":10,"minecraft:wooden_pickaxe":2,"minecraft:dispenser":1,"minecraft:bamboo_planks":14,"minecraft:shield":4,"minecraft:stick":164,"minecraft:iron_pickaxe":1,"securitycraft:security_camera":1,"minecraft:iron_ingot":28,"minecraft:iron_block":3,"securitycraft:camera_monitor":1,"minecraft:redstone_torch":3,"securitycraft:universal_block_reinforcer_lvl1":1,"hangglider:glider_framework":1,"minecraft:coal":9,"securitycraft:sentry":1,"hangglider:glider_wing":2,"minecraft:glass_pane":16,"minecraft:iron_axe":1,"minecraft:stone_pickaxe":4,"minecraft:spruce_boat":1,"minecraft:redstone_block":2,"minecraft:wheat":144,"securitycraft:portable_radar":1,"minecraft:iron_sword":2,"securitycraft:taser":2,"minecraft:bucket":2,"minecraft:stone_axe":1,"minecraft:bread":48,"minecraft:acacia_boat":1,"minecraft:air":0,"securitycraft:reinforced_stone":10,"securitycraft:remote_access_sentry":1,"minecraft:wooden_axe":2,"minecraft:iron_shovel":1,"chococraft:chocobo_saddle":1,"minecraft:acacia_planks":68,"minecraft:torch":300},"minecraft:mined":{"minecraft:stripped_warped_stem":1,"minecraft:spruce_planks":23,"minecraft:white_bed":4,"minecraft:oak_sapling":2,"minecraft:granite":22,"minecraft:acacia_log":39,"minecraft:grass_block":199,"minecraft:oxeye_daisy":1,"minecraft:spawner":4,"minecraft:tall_seagrass":2,"minecraft:raw_iron_block":5,"minecraft:iron_ore":70,"minecraft:barrel":1,"minecraft:fire":8,"chococraft:gysahl_green":10,"minecraft:dirt_path":1,"minecraft:spruce_slab":4,"minecraft:deepslate_redstone_ore":2,"minecraft:kelp_plant":1,"minecraft:torch":14,"minecraft:blast_furnace":1,"minecraft:calcite":1,"minecraft:chest":2,"minecraft:cobblestone":34,"minecraft:oak_planks":15,"minecraft:iron_door":2,"minecraft:wall_torch":6,"minecraft:seagrass":6,"minecraft:yellow_wool":1,"minecraft:blue_ice":3,"minecraft:stripped_oak_wood":1,"minecraft:stone_brick_stairs":2,"minecraft:smooth_stone_slab":1,"minecraft:grass":40,"minecraft:oak_log":78,"minecraft:sand":6,"minecraft:dirt":70,"structure_gel:dynamic_spawner":6,"minecraft:oak_leaves":11,"minecraft:deepslate":4,"minecraft:dark_oak_log":28,"gravestone:gravestone":18,"alexsmobs:leafcutter_ant_chamber":1,"minecraft:polished_andesite_slab":1,"minecraft:spruce_leaves":4,"minecraft:large_fern":6,"minecraft:hay_block":17,"minecraft:redstone_ore":5,"minecraft:furnace":1,"minecraft:snow":8,"minecraft:andesite":103,"minecraft:stripped_spruce_log":1,"minecraft:bell":1,"minecraft:packed_ice":1,"minecraft:bamboo":28,"minecraft:stone":303,"minecraft:white_wool":1,"minecraft:oak_slab":3,"minecraft:oak_fence":22,"minecraft:crafting_table":8,"minecraft:lectern":1,"minecraft:tall_grass":6,"minecraft:diorite":9,"minecraft:black_wall_banner":1,"minecraft:spruce_log":65,"minecraft:yellow_bed":1,"minecraft:coal_ore":1,"minecraft:gravel":2,"minecraft:cobweb":64,"minecraft:cracked_stone_bricks":2,"minecraft:acacia_planks":1,"minecraft:stone_bricks":3,"minecraft:polished_andesite":13,"minecraft:mossy_stone_bricks":1,"minecraft:gold_ore":4},"minecraft:broken":{"minecraft:iron_shovel":1,"minecraft:iron_boots":1,"minecraft:iron_leggings":1,"minecraft:stone_pickaxe":1,"dungeons_plus:frosted_cowl":1,"minecraft:shield":2,"minecraft:iron_helmet":1},"minecraft:dropped":{"minecraft:iron_sword":3,"minecraft:oak_log":1,"minecraft:ender_pearl":1,"minecraft:crafting_table":3,"alexsmobs:kangaroo_meat":2,"minecraft:leather":1,"minecraft:black_banner":1,"minecraft:item_frame":3,"minecraft:ice":28,"minecraft:mutton":2,"gravestone:obituary":12,"minecraft:iron_pickaxe":2,"minecraft:bone":11,"minecraft:stone_axe":2,"minecraft:iron_nugget":18,"minecraft:rotten_flesh":10,"securitycraft:taser":2,"minecraft:rabbit_foot":1,"alexsmobs:kangaroo_hide":2,"minecraft:tipped_arrow":2,"minecraft:charcoal":4,"minecraft:stone_brick_wall":3,"minecraft:acacia_sapling":2,"securitycraft:camera_monitor":1,"minecraft:arrow":5,"minecraft:water_bucket":1,"minecraft:enchanted_book":1,"minecraft:bread":92,"minecraft:cobblestone":437,"minecraft:apple":48,"minecraft:coal":54,"minecraft:stick":64,"minecraft:oxeye_daisy":2,"minecraft:torch":64,"minecraft:map":3,"minecraft:iron_leggings":2,"minecraft:iron_axe":4,"minecraft:iron_shovel":2,"minecraft:string":74,"minecraft:blue_carpet":9,"minecraft:bucket":2,"minecraft:acacia_planks":49,"minecraft:spruce_sapling":2,"minecraft:iron_boots":3,"minecraft:filled_map":3,"minecraft:potato":7,"minecraft:shield":4,"alexsmobs:cockroach_wing_fragment":1,"minecraft:diamond_chestplate":1,"minecraft:spruce_planks":14,"minecraft:iron_chestplate":3,"minecraft:andesite":4,"minecraft:oak_sapling":27,"minecraft:golden_sword":2,"minecraft:barrel":3,"minecraft:bamboo":1,"minecraft:spruce_log":22,"minecraft:slime_ball":3,"minecraft:bow":1,"chococraft:gysahl_green":6},"minecraft:used":{"minecraft:iron_shovel":254,"minecraft:chest":10,"minecraft:shield":183,"minecraft:iron_sword":591,"securitycraft:security_camera":1,"minecraft:bell":1,"minecraft:rotten_flesh":8,"minecraft:mutton":1,"securitycraft:keypad_item":1,"minecraft:spruce_boat":5,"securitycraft:camera_monitor":1,"minecraft:iron_helmet":1,"minecraft:golden_sword":1,"minecraft:bow":15,"minecraft:oak_sapling":3,"minecraft:furnace":2,"minecraft:stone_pickaxe":252,"minecraft:oak_planks":39,"minecraft:ender_pearl":1,"minecraft:wooden_pickaxe":23,"minecraft:blast_furnace":1,"minecraft:bread":134,"minecraft:diamond_sword":51,"minecraft:fire_charge":1,"minecraft:andesite":29,"chococraft:gysahl_green":14,"minecraft:stripped_warped_stem":1,"minecraft:spruce_planks":103,"minecraft:torch":254,"minecraft:dirt":45,"minecraft:anvil":1,"minecraft:wooden_axe":62,"minecraft:bamboo_raft":2,"minecraft:iron_axe":105,"minecraft:iron_boots":3,"securitycraft:remote_access_sentry":1,"securitycraft:sentry":1,"minecraft:iron_leggings":1,"minecraft:wheat_seeds":1,"minecraft:acacia_boat":1,"minecraft:water_bucket":43,"securitycraft:reinforced_cobblestone":3,"minecraft:polished_andesite":12,"minecraft:baked_potato":15,"minecraft:salmon":1,"minecraft:crafting_table":12,"minecraft:white_bed":4,"minecraft:oak_log":5,"minecraft:apple":36,"minecraft:iron_pickaxe":338,"minecraft:map":1,"minecraft:stone_axe":168,"minecraft:cobblestone":211,"minecraft:bucket":44,"minecraft:yellow_bed":1},"minecraft:picked_up":{"chococraft:loverly_gysahl_green":1,"minecraft:iron_chestplate":6,"minecraft:anvil":2,"minecraft:yellow_wool":1,"minecraft:smithing_table":1,"securitycraft:taser":1,"minecraft:lead":2,"minecraft:diamond_sword":2,"minecraft:enchanted_book":4,"minecraft:golden_sword":2,"alexsmobs:gazelle_horn":2,"minecraft:string":77,"minecraft:raw_copper":5,"minecraft:iron_leggings":5,"minecraft:gold_nugget":16,"minecraft:cobbled_deepslate":1,"minecraft:bucket":1,"minecraft:spruce_planks":56,"minecraft:iron_pickaxe":3,"alexsmobs:leafcutter_ant_chamber":1,"securitycraft:reinforced_redstone_block":1,"minecraft:iron_boots":5,"minecraft:furnace":2,"minecraft:tipped_arrow":5,"minecraft:stick":86,"minecraft:oak_fence":20,"minecraft:torch":129,"minecraft:acacia_log":40,"securitycraft:camera_monitor":1,"minecraft:diorite":9,"minecraft:rabbit_foot":3,"minecraft:stone_sword":1,"minecraft:rotten_flesh":106,"chococraft:chocobo_drumstick_raw":2,"minecraft:snowball":8,"minecraft:cobblestone":653,"minecraft:iron_door":1,"minecraft:water_bucket":1,"minecraft:andesite":99,"useless_sword:enderman_scale":1,"minecraft:map":6,"minecraft:dirt":272,"minecraft:bone":27,"minecraft:acacia_planks":99,"minecraft:bow":4,"minecraft:wheat_seeds":7,"minecraft:raw_gold":4,"minecraft:bell":2,"minecraft:bamboo":370,"minecraft:oak_planks":59,"minecraft:bamboo_raft":2,"minecraft:sand":6,"minecraft:stripped_spruce_log":8,"securitycraft:reinforced_dispenser":1,"minecraft:dark_oak_log":28,"minecraft:barrel":5,"minecraft:polished_andesite":16,"alexsmobs:kangaroo_hide":2,"minecraft:diamond":2,"minecraft:spruce_boat":5,"minecraft:granite":24,"minecraft:emerald":63,"minecraft:bread":35,"minecraft:oak_sapling":38,"minecraft:charcoal":4,"minecraft:crafting_table":8,"minecraft:clay_ball":4,"minecraft:stone_brick_wall":9,"securitycraft:reinforced_glass_pane":19,"minecraft:diamond_horse_armor":1,"gravestone:obituary":8,"minecraft:shield":7,"minecraft:iron_axe":6,"minecraft:item_frame":5,"minecraft:iron_shovel":4,"minecraft:stripped_warped_stem":1,"minecraft:iron_nugget":40,"minecraft:lectern":1,"minecraft:sugar_cane":64,"minecraft:chest":3,"minecraft:spruce_trapdoor":4,"minecraft:egg":1,"minecraft:raw_iron":70,"securitycraft:reinforced_cobblestone":26,"minecraft:fire_charge":1,"minecraft:redstone":36,"minecraft:blue_carpet":9,"minecraft:arrow":54,"minecraft:diamond_chestplate":3,"minecraft:hay_block":16,"minecraft:saddle":1,"minecraft:black_banner":1,"minecraft:gold_ingot":22,"minecraft:mutton":3,"alexsmobs:kangaroo_meat":2,"minecraft:white_wool":3,"minecraft:oxeye_daisy":2,"minecraft:leather":8,"alexsmobs:acacia_blossom":1,"minecraft:filled_map":6,"minecraft:ice":29,"alexsmobs:cachalot_whale_tooth":2,"minecraft:oak_log":88,"minecraft:yellow_bed":1,"securitycraft:reinforced_glass":1,"chococraft:chocobo_feather":10,"chococraft:gysahl_green":51,"minecraft:apple":24,"minecraft:kelp":4,"chococraft:gold_gysahl":2,"alexsmobs:cockroach_wing_fragment":1,"minecraft:iron_ingot":10,"minecraft:stripped_oak_wood":1,"minecraft:iron_sword":4,"minecraft:acacia_sapling":14,"minecraft:oak_slab":3,"minecraft:bamboo_planks":4,"minecraft:raw_iron_block":5,"minecraft:gravel":1,"chococraft:gysahl_green_seeds":9,"minecraft:spruce_sapling":8,"minecraft:blast_furnace":1,"minecraft:white_bed":4,"securitycraft:reinforced_iron_block":3,"minecraft:spruce_log":65,"minecraft:spider_eye":3,"minecraft:spruce_door":1,"minecraft:slime_ball":5,"minecraft:stone_axe":3,"minecraft:iron_helmet":2,"minecraft:baked_potato":15,"minecraft:coal":149,"minecraft:ender_pearl":1}},"DataVersion":3465}