{"stats":{"minecraft:killed":{"minecraft:spider":13,"minecraft:horse":4,"minecraft:skeleton":21,"minecraft:silverfish":1,"alexsmobs:centipede_head":1,"minecraft:zombie_villager":2,"minecraft:sheep":2,"minecraft:trader_llama":1,"alexsmobs:cockroach":1,"minecraft:zombie":39,"alexsmobs:terrapin":1,"alexsmobs:gazelle":2,"minecraft:stray":15,"alexsmobs:crow":1,"minecraft:cow":1},"minecraft:custom":{"minecraft:mob_kills":110,"minecraft:interact_with_crafting_table":53,"minecraft:open_barrel":88,"minecraft:leave_game":14,"minecraft:time_since_death":37867,"minecraft:climb_one_cm":16936,"minecraft:sprint_one_cm":693195,"minecraft:walk_one_cm":622886,"minecraft:damage_blocked_by_shield":8235,"minecraft:drop":131,"minecraft:talked_to_villager":3,"minecraft:target_hit":1,"minecraft:play_time":333597,"minecraft:deaths":14,"minecraft:sneak_time":7981,"minecraft:walk_under_water_one_cm":29706,"minecraft:boat_one_cm":154066,"minecraft:interact_with_lectern":1,"minecraft:jump":5699,"minecraft:walk_on_water_one_cm":34586,"minecraft:total_world_time":333597,"minecraft:interact_with_furnace":42,"minecraft:interact_with_loom":1,"minecraft:sleep_in_bed":9,"minecraft:time_since_rest":73,"minecraft:damage_taken":9500,"minecraft:damage_dealt":19375,"minecraft:player_kills":1,"minecraft:fly_one_cm":1518171,"minecraft:swim_one_cm":59598,"minecraft:open_chest":157,"minecraft:crouch_one_cm":15324,"minecraft:fall_one_cm":126291},"minecraft:killed_by":{"minecraft:player":1,"minecraft:zombie":2,"minecraft:vex":1},"minecraft:mined":{"minecraft:stripped_warped_stem":1,"minecraft:spruce_planks":18,"minecraft:oak_sapling":2,"minecraft:dark_oak_log":28,"gravestone:gravestone":15,"minecraft:granite":22,"minecraft:acacia_log":39,"minecraft:grass_block":67,"minecraft:polished_andesite_slab":1,"minecraft:spruce_leaves":4,"minecraft:oxeye_daisy":1,"minecraft:spawner":2,"minecraft:large_fern":6,"minecraft:hay_block":17,"minecraft:tall_seagrass":2,"minecraft:raw_iron_block":5,"minecraft:redstone_ore":5,"minecraft:furnace":1,"minecraft:iron_ore":70,"minecraft:fire":8,"minecraft:barrel":1,"minecraft:snow":8,"minecraft:andesite":103,"minecraft:stripped_spruce_log":1,"chococraft:gysahl_green":9,"minecraft:packed_ice":1,"minecraft:stone":303,"minecraft:spruce_slab":4,"minecraft:deepslate_redstone_ore":2,"minecraft:kelp_plant":1,"minecraft:crafting_table":5,"minecraft:torch":9,"minecraft:blast_furnace":1,"minecraft:calcite":1,"minecraft:chest":1,"minecraft:lectern":1,"minecraft:tall_grass":6,"minecraft:cobblestone":31,"minecraft:wall_torch":5,"minecraft:diorite":9,"minecraft:iron_door":2,"minecraft:seagrass":6,"minecraft:blue_ice":3,"minecraft:black_wall_banner":1,"minecraft:spruce_log":65,"minecraft:stone_brick_stairs":2,"minecraft:smooth_stone_slab":1,"minecraft:grass":24,"minecraft:coal_ore":1,"minecraft:oak_log":61,"minecraft:gravel":2,"minecraft:sand":6,"minecraft:dirt":67,"minecraft:cobweb":64,"structure_gel:dynamic_spawner":6,"minecraft:cracked_stone_bricks":2,"minecraft:polished_andesite":13,"minecraft:stone_bricks":3,"minecraft:mossy_stone_bricks":1,"minecraft:gold_ore":4,"minecraft:oak_leaves":8,"minecraft:deepslate":4},"minecraft:crafted":{"hangglider:glider_framework":1,"minecraft:oak_planks":92,"minecraft:coal":9,"securitycraft:sentry":1,"chococraft:chocobo_whistle":1,"hangglider:hang_glider":1,"securitycraft:keypad_item":1,"hangglider:glider_wing":2,"minecraft:heavy_weighted_pressure_plate":1,"minecraft:glass_pane":16,"securitycraft:laser_block":1,"minecraft:glass":8,"minecraft:iron_boots":1,"minecraft:iron_axe":1,"minecraft:stone_pickaxe":4,"minecraft:chest":9,"minecraft:spruce_boat":1,"minecraft:redstone_block":2,"minecraft:wheat":144,"securitycraft:portable_radar":1,"minecraft:crafting_table":6,"minecraft:spruce_planks":256,"securitycraft:reinforced_stone_button":10,"minecraft:wooden_pickaxe":2,"minecraft:iron_sword":2,"securitycraft:taser":2,"minecraft:bucket":1,"minecraft:stone_axe":1,"minecraft:acacia_boat":1,"minecraft:bread":48,"minecraft:air":0,"securitycraft:reinforced_stone":10,"minecraft:dispenser":1,"securitycraft:remote_access_sentry":1,"minecraft:shield":4,"minecraft:stick":148,"minecraft:iron_ingot":28,"securitycraft:security_camera":1,"minecraft:iron_pickaxe":1,"minecraft:wooden_axe":2,"minecraft:iron_block":3,"securitycraft:camera_monitor":1,"minecraft:iron_shovel":1,"chococraft:chocobo_saddle":1,"minecraft:redstone_torch":3,"minecraft:acacia_planks":68,"minecraft:torch":288,"securitycraft:universal_block_reinforcer_lvl1":1},"minecraft:broken":{"minecraft:iron_boots":1,"minecraft:iron_leggings":1,"minecraft:stone_pickaxe":1,"minecraft:shield":2,"dungeons_plus:frosted_cowl":1,"minecraft:iron_helmet":1},"minecraft:dropped":{"minecraft:enchanted_book":1,"minecraft:water_bucket":1,"minecraft:iron_sword":3,"minecraft:crafting_table":3,"minecraft:ender_pearl":1,"alexsmobs:kangaroo_meat":2,"minecraft:cobblestone":437,"minecraft:apple":48,"minecraft:leather":1,"minecraft:item_frame":3,"minecraft:oxeye_daisy":2,"minecraft:coal":54,"minecraft:black_banner":1,"minecraft:stick":64,"minecraft:ice":28,"minecraft:torch":64,"minecraft:mutton":2,"minecraft:map":3,"minecraft:iron_leggings":2,"gravestone:obituary":12,"minecraft:iron_axe":4,"minecraft:iron_pickaxe":2,"minecraft:iron_shovel":2,"minecraft:string":72,"minecraft:blue_carpet":9,"minecraft:bucket":1,"minecraft:acacia_planks":49,"minecraft:spruce_sapling":2,"minecraft:bone":11,"minecraft:stone_axe":2,"minecraft:iron_nugget":18,"minecraft:rotten_flesh":10,"securitycraft:taser":2,"minecraft:iron_boots":2,"minecraft:rabbit_foot":1,"alexsmobs:kangaroo_hide":2,"minecraft:filled_map":3,"minecraft:tipped_arrow":2,"minecraft:stone_brick_wall":3,"securitycraft:camera_monitor":1,"minecraft:potato":7,"minecraft:charcoal":4,"minecraft:barrel":3,"minecraft:acacia_sapling":2,"minecraft:andesite":4,"minecraft:iron_chestplate":3,"minecraft:shield":4,"minecraft:spruce_planks":14,"minecraft:oak_sapling":27,"minecraft:diamond_chestplate":1,"alexsmobs:cockroach_wing_fragment":1,"minecraft:golden_sword":2,"minecraft:arrow":5,"minecraft:slime_ball":3,"minecraft:spruce_log":22,"minecraft:bow":1,"chococraft:gysahl_green":6},"minecraft:used":{"minecraft:iron_shovel":132,"minecraft:chest":10,"minecraft:stripped_warped_stem":1,"minecraft:spruce_planks":103,"minecraft:shield":154,"minecraft:iron_sword":443,"securitycraft:security_camera":1,"minecraft:rotten_flesh":8,"minecraft:torch":198,"minecraft:dirt":3,"minecraft:anvil":1,"minecraft:mutton":1,"securitycraft:keypad_item":1,"minecraft:spruce_boat":5,"securitycraft:camera_monitor":1,"minecraft:wooden_axe":62,"minecraft:iron_axe":29,"minecraft:iron_helmet":1,"minecraft:iron_boots":3,"securitycraft:remote_access_sentry":1,"securitycraft:sentry":1,"minecraft:golden_sword":1,"minecraft:bow":14,"minecraft:furnace":2,"minecraft:oak_sapling":3,"minecraft:iron_leggings":1,"minecraft:acacia_boat":1,"minecraft:water_bucket":36,"securitycraft:reinforced_cobblestone":3,"minecraft:polished_andesite":12,"minecraft:stone_pickaxe":252,"minecraft:baked_potato":15,"minecraft:oak_planks":2,"minecraft:ender_pearl":1,"minecraft:wooden_pickaxe":23,"minecraft:salmon":1,"minecraft:crafting_table":10,"minecraft:blast_furnace":1,"minecraft:apple":36,"minecraft:bread":82,"minecraft:map":1,"minecraft:iron_pickaxe":332,"minecraft:stone_axe":168,"minecraft:fire_charge":1,"minecraft:cobblestone":151,"minecraft:andesite":29,"minecraft:bucket":37,"chococraft:gysahl_green":14},"minecraft:picked_up":{"minecraft:charcoal":4,"minecraft:iron_chestplate":6,"minecraft:crafting_table":5,"chococraft:loverly_gysahl_green":1,"minecraft:anvil":2,"minecraft:clay_ball":4,"minecraft:lead":2,"securitycraft:taser":1,"minecraft:stone_brick_wall":9,"securitycraft:reinforced_glass_pane":19,"minecraft:enchanted_book":4,"minecraft:diamond_horse_armor":1,"gravestone:obituary":8,"minecraft:golden_sword":2,"minecraft:shield":6,"alexsmobs:gazelle_horn":2,"minecraft:string":75,"minecraft:raw_copper":5,"minecraft:iron_axe":5,"minecraft:iron_leggings":4,"minecraft:item_frame":5,"minecraft:iron_shovel":2,"minecraft:cobbled_deepslate":1,"minecraft:stripped_warped_stem":1,"minecraft:spruce_planks":50,"minecraft:iron_nugget":18,"minecraft:iron_pickaxe":2,"minecraft:lectern":1,"minecraft:chest":1,"minecraft:spruce_trapdoor":4,"minecraft:egg":1,"minecraft:furnace":2,"minecraft:iron_boots":3,"securitycraft:reinforced_redstone_block":1,"minecraft:tipped_arrow":5,"minecraft:stick":85,"minecraft:raw_iron":70,"securitycraft:reinforced_cobblestone":26,"minecraft:torch":52,"minecraft:acacia_log":40,"minecraft:fire_charge":1,"securitycraft:camera_monitor":1,"minecraft:diorite":9,"minecraft:redstone":36,"minecraft:rabbit_foot":3,"minecraft:blue_carpet":9,"minecraft:stone_sword":1,"minecraft:arrow":48,"minecraft:diamond_chestplate":2,"minecraft:rotten_flesh":52,"minecraft:hay_block":16,"minecraft:gold_ingot":7,"minecraft:black_banner":1,"minecraft:mutton":3,"minecraft:snowball":8,"minecraft:cobblestone":650,"alexsmobs:kangaroo_meat":2,"minecraft:white_wool":2,"minecraft:oxeye_daisy":2,"minecraft:iron_door":1,"minecraft:water_bucket":1,"minecraft:andesite":99,"minecraft:leather":8,"alexsmobs:acacia_blossom":1,"minecraft:filled_map":4,"minecraft:ice":29,"minecraft:oak_log":61,"minecraft:map":6,"securitycraft:reinforced_glass":1,"minecraft:dirt":136,"chococraft:chocobo_feather":2,"minecraft:bone":24,"minecraft:acacia_planks":98,"chococraft:gysahl_green":49,"minecraft:apple":24,"chococraft:gold_gysahl":2,"minecraft:kelp":4,"minecraft:bow":2,"minecraft:wheat_seeds":1,"minecraft:raw_gold":4,"alexsmobs:cockroach_wing_fragment":1,"minecraft:iron_ingot":3,"minecraft:iron_sword":4,"minecraft:acacia_sapling":14,"minecraft:raw_iron_block":5,"minecraft:gravel":1,"minecraft:spruce_sapling":8,"minecraft:dark_oak_log":28,"minecraft:sand":6,"minecraft:spruce_door":1,"minecraft:stripped_spruce_log":8,"chococraft:gysahl_green_seeds":8,"securitycraft:reinforced_dispenser":1,"minecraft:blast_furnace":1,"securitycraft:reinforced_iron_block":3,"minecraft:spruce_log":65,"minecraft:spider_eye":1,"minecraft:barrel":5,"minecraft:polished_andesite":16,"alexsmobs:kangaroo_hide":2,"minecraft:slime_ball":5,"minecraft:spruce_boat":5,"minecraft:stone_axe":3,"minecraft:iron_helmet":1,"minecraft:granite":24,"minecraft:oak_sapling":34,"minecraft:baked_potato":15,"minecraft:coal":149,"minecraft:ender_pearl":1}},"DataVersion":3465}