{"stats":{"minecraft:killed":{"minecraft:spider":5,"minecraft:skeleton":4,"minecraft:silverfish":1,"alexsmobs:centipede_head":1,"minecraft:zombie_villager":2,"minecraft:sheep":2,"minecraft:zombie":24,"alexsmobs:cockroach":1,"alexsmobs:gazelle":2,"alexsmobs:crow":1,"minecraft:cow":1},"minecraft:custom":{"minecraft:mob_kills":44,"minecraft:interact_with_crafting_table":17,"minecraft:open_barrel":71,"minecraft:leave_game":10,"minecraft:time_since_death":44354,"minecraft:sprint_one_cm":375402,"minecraft:walk_one_cm":325049,"minecraft:damage_blocked_by_shield":2955,"minecraft:drop":73,"minecraft:play_time":145804,"minecraft:sneak_time":3045,"minecraft:deaths":5,"minecraft:walk_under_water_one_cm":8526,"minecraft:boat_one_cm":51881,"minecraft:interact_with_lectern":1,"minecraft:jump":2365,"minecraft:walk_on_water_one_cm":12924,"minecraft:total_world_time":145804,"minecraft:interact_with_furnace":8,"minecraft:time_since_rest":44389,"minecraft:damage_taken":3304,"minecraft:damage_dealt":7436,"minecraft:fly_one_cm":705516,"minecraft:swim_one_cm":31154,"minecraft:player_kills":1,"minecraft:open_chest":56,"minecraft:crouch_one_cm":6921,"minecraft:fall_one_cm":48763},"minecraft:killed_by":{"minecraft:player":1,"minecraft:zombie":1},"minecraft:crafted":{"minecraft:oak_planks":20,"minecraft:glass_pane":16,"securitycraft:laser_block":1,"minecraft:glass":6,"minecraft:stone_pickaxe":4,"minecraft:chest":8,"minecraft:redstone_block":1,"minecraft:wheat":126,"minecraft:crafting_table":1,"minecraft:spruce_planks":92,"minecraft:wooden_pickaxe":2,"minecraft:stone_axe":1,"minecraft:bread":42,"minecraft:acacia_boat":1,"minecraft:air":0,"minecraft:iron_pickaxe":1,"minecraft:stick":80,"minecraft:wooden_axe":2,"minecraft:acacia_planks":68,"minecraft:torch":224},"minecraft:mined":{"minecraft:stripped_warped_stem":1,"minecraft:dark_oak_log":28,"gravestone:gravestone":5,"minecraft:granite":20,"minecraft:acacia_log":39,"minecraft:grass_block":2,"minecraft:spawner":2,"minecraft:large_fern":6,"minecraft:hay_block":14,"minecraft:tall_seagrass":2,"minecraft:redstone_ore":5,"minecraft:furnace":1,"minecraft:iron_ore":63,"minecraft:barrel":1,"minecraft:andesite":54,"minecraft:stone":200,"minecraft:spruce_slab":3,"minecraft:kelp_plant":1,"minecraft:crafting_table":5,"minecraft:torch":3,"minecraft:blast_furnace":1,"minecraft:chest":1,"minecraft:lectern":1,"minecraft:tall_grass":4,"minecraft:cobblestone":24,"minecraft:diorite":3,"minecraft:iron_door":2,"minecraft:wall_torch":1,"minecraft:seagrass":6,"minecraft:black_wall_banner":1,"minecraft:spruce_log":65,"minecraft:stone_brick_stairs":1,"minecraft:smooth_stone_slab":1,"minecraft:grass":18,"minecraft:oak_log":5,"minecraft:coal_ore":1,"minecraft:gravel":1,"minecraft:sand":6,"minecraft:dirt":1,"minecraft:cobweb":50,"minecraft:cracked_stone_bricks":2,"minecraft:stone_bricks":3,"minecraft:gold_ore":4,"minecraft:mossy_stone_bricks":1,"minecraft:oak_leaves":2,"minecraft:deepslate":4},"minecraft:broken":{"minecraft:stone_pickaxe":1},"minecraft:dropped":{"minecraft:enchanted_book":1,"minecraft:ender_pearl":1,"minecraft:crafting_table":3,"alexsmobs:kangaroo_meat":2,"minecraft:cobblestone":437,"minecraft:leather":1,"minecraft:black_banner":1,"minecraft:coal":54,"minecraft:item_frame":3,"minecraft:stick":31,"minecraft:mutton":2,"minecraft:map":3,"minecraft:iron_leggings":2,"gravestone:obituary":1,"minecraft:iron_axe":3,"minecraft:iron_pickaxe":1,"minecraft:string":72,"minecraft:acacia_planks":49,"minecraft:bone":3,"minecraft:rotten_flesh":9,"minecraft:rabbit_foot":1,"alexsmobs:kangaroo_hide":2,"minecraft:filled_map":3,"minecraft:potato":7,"minecraft:shield":3,"minecraft:diamond_chestplate":1,"alexsmobs:cockroach_wing_fragment":1,"minecraft:iron_chestplate":3,"minecraft:charcoal":4,"minecraft:acacia_sapling":2,"minecraft:stone_brick_wall":3,"minecraft:oak_sapling":24,"minecraft:barrel":3,"minecraft:spruce_log":22,"minecraft:slime_ball":3,"minecraft:arrow":3},"minecraft:used":{"minecraft:stripped_warped_stem":1,"minecraft:chest":9,"minecraft:shield":46,"minecraft:iron_sword":186,"minecraft:torch":141,"minecraft:dirt":2,"minecraft:anvil":1,"minecraft:mutton":1,"minecraft:wooden_axe":62,"minecraft:iron_axe":9,"minecraft:bow":8,"minecraft:furnace":2,"minecraft:acacia_boat":1,"minecraft:water_bucket":2,"minecraft:stone_pickaxe":252,"minecraft:oak_planks":2,"minecraft:wooden_pickaxe":23,"minecraft:crafting_table":5,"minecraft:blast_furnace":1,"minecraft:apple":1,"minecraft:bread":39,"minecraft:iron_pickaxe":119,"minecraft:map":1,"minecraft:stone_axe":96,"minecraft:cobblestone":68,"minecraft:bucket":2},"minecraft:picked_up":{"minecraft:charcoal":4,"minecraft:crafting_table":5,"minecraft:iron_chestplate":6,"minecraft:anvil":2,"minecraft:lead":2,"minecraft:stone_brick_wall":9,"minecraft:enchanted_book":4,"minecraft:diamond_horse_armor":1,"gravestone:obituary":2,"minecraft:shield":6,"alexsmobs:gazelle_horn":2,"minecraft:string":73,"minecraft:raw_copper":5,"minecraft:iron_axe":5,"minecraft:iron_leggings":3,"minecraft:item_frame":5,"minecraft:cobbled_deepslate":1,"minecraft:stripped_warped_stem":1,"minecraft:iron_pickaxe":2,"minecraft:lectern":1,"minecraft:chest":1,"minecraft:iron_boots":1,"minecraft:furnace":2,"minecraft:stick":48,"minecraft:raw_iron":63,"minecraft:torch":4,"minecraft:acacia_log":40,"minecraft:diorite":3,"minecraft:redstone":28,"minecraft:rabbit_foot":3,"minecraft:arrow":8,"minecraft:diamond_chestplate":2,"minecraft:rotten_flesh":46,"minecraft:hay_block":14,"minecraft:gold_ingot":7,"minecraft:black_banner":1,"minecraft:mutton":3,"alexsmobs:kangaroo_meat":2,"minecraft:white_wool":2,"minecraft:cobblestone":543,"minecraft:iron_door":1,"minecraft:water_bucket":1,"minecraft:andesite":54,"minecraft:leather":1,"alexsmobs:acacia_blossom":1,"minecraft:filled_map":4,"minecraft:oak_log":5,"minecraft:map":6,"minecraft:dirt":8,"minecraft:bone":9,"minecraft:acacia_planks":98,"minecraft:apple":1,"minecraft:kelp":4,"minecraft:wheat_seeds":1,"minecraft:raw_gold":4,"alexsmobs:cockroach_wing_fragment":1,"minecraft:iron_sword":2,"minecraft:acacia_sapling":14,"minecraft:sand":6,"minecraft:spruce_sapling":6,"minecraft:blast_furnace":1,"minecraft:spruce_log":65,"minecraft:dark_oak_log":28,"minecraft:spruce_door":1,"minecraft:barrel":5,"alexsmobs:kangaroo_hide":2,"minecraft:slime_ball":5,"minecraft:granite":22,"minecraft:oak_sapling":27,"minecraft:coal":149,"minecraft:ender_pearl":1}},"DataVersion":3465}