{"stats":{"minecraft:killed":{"minecraft:spider":15,"minecraft:skeleton":24,"minecraft:silverfish":1,"alexsmobs:centipede_head":1,"minecraft:zombie_villager":2,"minecraft:sheep":2,"minecraft:trader_llama":1,"minecraft:zombie":70,"alexsmobs:terrapin":1,"minecraft:stray":15,"minecraft:cow":6,"minecraft:horse":4,"alexsmobs:comb_jelly":1,"minecraft:drowned":4,"minecraft:husk":3,"alexsmobs:cockroach":1,"alexsmobs:gazelle":2,"alexsmobs:crow":1,"minecraft:villager":2},"minecraft:custom":{"minecraft:interact_with_crafting_table":86,"minecraft:open_barrel":91,"minecraft:bell_ring":77,"minecraft:leave_game":19,"minecraft:time_since_death":38458,"minecraft:sprint_one_cm":1111247,"minecraft:damage_blocked_by_shield":10300,"minecraft:drop":328,"minecraft:talked_to_villager":8,"minecraft:play_time":596295,"minecraft:deaths":20,"minecraft:jump":9716,"minecraft:walk_on_water_one_cm":70574,"minecraft:interact_with_furnace":61,"minecraft:interact_with_loom":1,"minecraft:sleep_in_bed":19,"minecraft:damage_dealt":30781,"minecraft:player_kills":1,"minecraft:crouch_one_cm":66558,"minecraft:interact_with_smoker":3,"minecraft:interact_with_smithing_table":2,"minecraft:mob_kills":162,"minecraft:climb_one_cm":25812,"minecraft:walk_one_cm":1267625,"minecraft:target_hit":1,"minecraft:sneak_time":23937,"minecraft:walk_under_water_one_cm":72911,"minecraft:boat_one_cm":396971,"minecraft:interact_with_lectern":1,"minecraft:total_world_time":596295,"minecraft:time_since_rest":38535,"minecraft:damage_taken":15742,"minecraft:swim_one_cm":166834,"minecraft:fly_one_cm":2455095,"minecraft:open_chest":369,"minecraft:fall_one_cm":216507},"minecraft:killed_by":{"minecraft:zombie":2,"minecraft:vex":1,"minecraft:player":2},"minecraft:crafted":{"securitycraft:mine":30,"minecraft:oak_planks":388,"minecraft:oak_sign":3,"chococraft:chocobo_whistle":1,"hangglider:hang_glider":1,"securitycraft:keypad_item":1,"minecraft:heavy_weighted_pressure_plate":1,"securitycraft:laser_block":1,"minecraft:bamboo_block":7,"minecraft:glass":8,"minecraft:iron_boots":2,"minecraft:chest":9,"minecraft:rail":32,"minecraft:bamboo_raft":2,"minecraft:oak_slab":24,"minecraft:crafting_table":7,"minecraft:spruce_planks":256,"securitycraft:reinforced_stone_button":10,"minecraft:baked_potato":52,"minecraft:wooden_pickaxe":2,"minecraft:iron_helmet":1,"minecraft:dispenser":1,"minecraft:bamboo_planks":14,"minecraft:shield":5,"minecraft:stick":204,"minecraft:iron_pickaxe":4,"securitycraft:security_camera":11,"minecraft:iron_ingot":79,"minecraft:iron_block":3,"securitycraft:camera_monitor":1,"minecraft:redstone_torch":3,"minecraft:composter":2,"minecraft:shears":1,"securitycraft:universal_block_reinforcer_lvl1":1,"hangglider:glider_framework":1,"minecraft:raw_iron":45,"securitycraft:sentry":1,"minecraft:coal":9,"hangglider:glider_wing":2,"minecraft:glass_pane":16,"minecraft:oak_trapdoor":4,"minecraft:flint_and_steel":1,"minecraft:iron_axe":2,"securitycraft:universal_block_remover":1,"minecraft:iron_hoe":1,"minecraft:stone_pickaxe":4,"minecraft:spruce_boat":1,"minecraft:redstone_block":2,"minecraft:minecart":2,"minecraft:wheat":144,"securitycraft:portable_radar":1,"minecraft:iron_sword":2,"securitycraft:taser":2,"minecraft:bucket":2,"minecraft:stone_axe":1,"minecraft:bread":48,"minecraft:acacia_boat":1,"minecraft:air":0,"securitycraft:dirt_mine":29,"securitycraft:reinforced_stone":10,"minecraft:oak_fence_gate":2,"minecraft:oak_boat":1,"securitycraft:remote_access_sentry":1,"minecraft:wooden_axe":2,"minecraft:iron_shovel":1,"minecraft:iron_leggings":1,"chococraft:chocobo_saddle":1,"minecraft:acacia_planks":68,"minecraft:torch":300},"minecraft:mined":{"securitycraft:mine":1,"minecraft:stripped_warped_stem":1,"minecraft:spruce_planks":23,"minecraft:white_bed":8,"minecraft:oak_sapling":2,"minecraft:farmland":7,"minecraft:jungle_slab":4,"minecraft:granite":22,"minecraft:acacia_log":39,"minecraft:grass_block":213,"minecraft:oxeye_daisy":1,"minecraft:spawner":4,"minecraft:light_blue_stained_glass":1,"minecraft:tall_seagrass":3,"minecraft:raw_iron_block":10,"minecraft:fire":15,"minecraft:iron_ore":76,"minecraft:barrel":1,"minecraft:cobbled_deepslate":1,"chococraft:gysahl_green":10,"minecraft:dirt_path":62,"minecraft:oak_stairs":3,"minecraft:spruce_slab":4,"minecraft:deepslate_redstone_ore":2,"minecraft:kelp_plant":1,"minecraft:torch":18,"minecraft:blast_furnace":1,"minecraft:calcite":1,"minecraft:poppy":1,"minecraft:chest":2,"minecraft:cobblestone":97,"minecraft:bricks":1,"minecraft:oak_planks":60,"minecraft:iron_door":2,"minecraft:wall_torch":6,"minecraft:seagrass":7,"minecraft:white_terracotta":31,"minecraft:yellow_wool":1,"minecraft:blue_ice":3,"minecraft:smooth_stone_slab":1,"minecraft:stripped_oak_wood":1,"minecraft:stone_brick_stairs":2,"minecraft:grass":66,"minecraft:oak_log":95,"minecraft:oak_fence_gate":1,"minecraft:sand":6,"minecraft:dirt":192,"structure_gel:dynamic_spawner":8,"minecraft:oak_leaves":15,"minecraft:deepslate":4,"minecraft:mossy_cobblestone":1,"minecraft:dark_oak_log":28,"gravestone:gravestone":20,"alexsmobs:leafcutter_ant_chamber":1,"minecraft:polished_andesite_slab":1,"minecraft:spruce_leaves":5,"minecraft:large_fern":6,"minecraft:hay_block":17,"minecraft:redstone_ore":5,"minecraft:furnace":1,"minecraft:carrots":4,"minecraft:snow":8,"minecraft:andesite":116,"minecraft:stripped_spruce_log":1,"minecraft:bell":1,"minecraft:shroomlight":4,"minecraft:rail":77,"minecraft:stripped_oak_log":6,"minecraft:packed_ice":3,"minecraft:bamboo":28,"minecraft:stone":589,"minecraft:white_wool":1,"minecraft:podzol":18,"minecraft:oak_slab":3,"minecraft:glass_pane":3,"minecraft:oak_fence":22,"minecraft:crafting_table":8,"minecraft:rose_bush":1,"minecraft:lectern":1,"minecraft:tall_grass":6,"minecraft:lapis_ore":8,"minecraft:diorite":9,"minecraft:warped_wart_block":11,"minecraft:sweet_berry_bush":2,"minecraft:black_wall_banner":1,"minecraft:spruce_log":66,"securitycraft:dirt_mine":3,"minecraft:yellow_bed":3,"minecraft:coal_ore":3,"minecraft:gravel":2,"minecraft:cobweb":72,"minecraft:cracked_stone_bricks":2,"minecraft:acacia_planks":1,"minecraft:stone_bricks":3,"minecraft:polished_andesite":13,"minecraft:mossy_stone_bricks":1,"minecraft:gold_ore":4},"minecraft:broken":{"minecraft:iron_shovel":2,"minecraft:iron_boots":1,"minecraft:iron_leggings":1,"minecraft:stone_pickaxe":1,"dungeons_plus:frosted_cowl":1,"minecraft:shield":2,"minecraft:iron_pickaxe":2,"minecraft:iron_helmet":1},"minecraft:dropped":{"minecraft:iron_sword":3,"minecraft:oak_log":1,"minecraft:baked_potato":25,"minecraft:ender_pearl":1,"minecraft:crafting_table":3,"alexsmobs:kangaroo_meat":2,"minecraft:leather":1,"minecraft:black_banner":1,"minecraft:item_frame":3,"minecraft:ice":28,"minecraft:mutton":2,"gravestone:obituary":14,"minecraft:iron_pickaxe":2,"minecraft:bone":11,"minecraft:oak_door":1,"minecraft:stone_axe":2,"minecraft:blackstone":2000,"minecraft:iron_nugget":18,"minecraft:rotten_flesh":10,"securitycraft:taser":2,"minecraft:carrot":46,"minecraft:rabbit_foot":1,"alexsmobs:kangaroo_hide":2,"minecraft:tipped_arrow":2,"minecraft:charcoal":4,"minecraft:stone_brick_wall":3,"minecraft:acacia_sapling":2,"securitycraft:camera_monitor":1,"minecraft:arrow":5,"minecraft:warped_wart_block":1,"minecraft:enchanted_book":1,"minecraft:water_bucket":1,"minecraft:bread":131,"minecraft:oak_slab":4,"minecraft:wheat_seeds":2,"minecraft:mossy_cobblestone":1,"minecraft:cobblestone":437,"minecraft:apple":48,"minecraft:coal":54,"minecraft:stick":71,"minecraft:oxeye_daisy":2,"minecraft:jungle_slab":1,"minecraft:torch":64,"minecraft:map":3,"minecraft:iron_leggings":2,"minecraft:iron_axe":4,"minecraft:iron_shovel":2,"minecraft:string":74,"minecraft:blue_carpet":9,"minecraft:bucket":2,"minecraft:acacia_planks":49,"minecraft:spruce_sapling":2,"minecraft:stone_shovel":2,"minecraft:iron_boots":3,"minecraft:stripped_oak_log":6,"minecraft:filled_map":3,"minecraft:potato":7,"minecraft:shield":4,"minecraft:diamond_chestplate":1,"alexsmobs:cockroach_wing_fragment":1,"minecraft:spruce_planks":14,"minecraft:iron_chestplate":3,"minecraft:andesite":4,"minecraft:yellow_bed":1,"minecraft:oak_sapling":27,"minecraft:golden_sword":2,"minecraft:barrel":3,"minecraft:bamboo":1,"minecraft:slime_ball":3,"minecraft:spruce_log":22,"minecraft:bow":1,"chococraft:gysahl_green":6},"minecraft:used":{"minecraft:iron_shovel":338,"minecraft:poppy":1,"minecraft:oak_sign":1,"minecraft:chest":10,"minecraft:shield":206,"minecraft:iron_sword":591,"securitycraft:security_camera":3,"minecraft:bell":1,"minecraft:rotten_flesh":8,"minecraft:mutton":1,"securitycraft:keypad_item":1,"minecraft:carrot":86,"minecraft:jungle_slab":3,"minecraft:obsidian":10,"minecraft:spruce_boat":7,"securitycraft:camera_monitor":3,"minecraft:bricks":1,"minecraft:iron_helmet":1,"minecraft:golden_sword":1,"minecraft:bow":15,"minecraft:furnace":2,"minecraft:oak_sapling":3,"minecraft:potato":2,"minecraft:stone_pickaxe":252,"minecraft:oak_planks":40,"minecraft:ender_pearl":1,"minecraft:wooden_pickaxe":23,"minecraft:composter":2,"minecraft:blast_furnace":1,"minecraft:bread":165,"securitycraft:mine":3,"minecraft:diamond_sword":117,"minecraft:fire_charge":1,"minecraft:andesite":38,"chococraft:gysahl_green":14,"minecraft:oak_boat":14,"minecraft:oak_trapdoor":4,"minecraft:flint_and_steel":1,"minecraft:stone_shovel":112,"minecraft:stripped_warped_stem":1,"minecraft:spruce_planks":103,"minecraft:torch":291,"minecraft:dirt":286,"minecraft:anvil":1,"minecraft:oak_fence_gate":2,"minecraft:shroomlight":2,"minecraft:iron_hoe":104,"minecraft:wooden_axe":62,"minecraft:bamboo_raft":2,"minecraft:iron_axe":189,"minecraft:iron_boots":3,"securitycraft:remote_access_sentry":2,"securitycraft:sentry":3,"securitycraft:dirt_mine":6,"minecraft:minecart":10,"minecraft:cobbled_deepslate":1,"minecraft:iron_leggings":1,"minecraft:wheat_seeds":1,"minecraft:acacia_boat":1,"minecraft:water_bucket":51,"securitycraft:reinforced_cobblestone":3,"minecraft:polished_andesite":12,"minecraft:baked_potato":36,"minecraft:salmon":1,"minecraft:rail":81,"minecraft:oak_slab":2,"minecraft:crafting_table":12,"minecraft:white_bed":9,"minecraft:oak_log":5,"minecraft:apple":36,"minecraft:iron_pickaxe":838,"minecraft:map":1,"minecraft:stone_axe":168,"minecraft:cobblestone":511,"minecraft:bucket":53,"minecraft:yellow_bed":2},"minecraft:picked_up":{"chococraft:loverly_gysahl_green":1,"minecraft:iron_chestplate":6,"minecraft:anvil":2,"minecraft:yellow_wool":1,"securitycraft:taser":1,"minecraft:smithing_table":1,"minecraft:lead":2,"minecraft:diamond_sword":2,"minecraft:oak_stairs":3,"minecraft:enchanted_book":4,"minecraft:golden_sword":2,"alexsmobs:gazelle_horn":2,"minecraft:string":94,"minecraft:raw_copper":8,"minecraft:iron_leggings":5,"minecraft:shroomlight":4,"minecraft:gold_nugget":16,"minecraft:cobbled_deepslate":2,"minecraft:bucket":1,"minecraft:horn_coral_block":1,"minecraft:spruce_planks":56,"minecraft:rose_bush":1,"minecraft:iron_pickaxe":3,"securitycraft:reinforced_redstone_block":11,"minecraft:iron_boots":5,"alexsmobs:leafcutter_ant_chamber":1,"minecraft:furnace":2,"minecraft:tipped_arrow":5,"minecraft:stick":87,"minecraft:oak_fence":20,"minecraft:torch":140,"minecraft:acacia_log":40,"securitycraft:camera_monitor":1,"minecraft:golden_axe":2,"minecraft:diorite":11,"minecraft:rabbit_foot":3,"minecraft:stone_sword":1,"minecraft:rotten_flesh":109,"minecraft:white_terracotta":31,"chococraft:chocobo_drumstick_raw":2,"minecraft:snowball":8,"minecraft:cobblestone":1114,"minecraft:iron_door":1,"minecraft:water_bucket":1,"minecraft:andesite":114,"minecraft:potato":6,"useless_sword:enderman_scale":1,"minecraft:map":6,"minecraft:lapis_lazuli":48,"minecraft:dirt":486,"minecraft:bone":27,"minecraft:acacia_planks":99,"minecraft:bow":4,"minecraft:wheat_seeds":11,"minecraft:raw_gold":4,"minecraft:bell":2,"minecraft:bamboo":370,"minecraft:oak_planks":116,"securitycraft:mine":2,"securitycraft:dirt_mine":3,"minecraft:warped_wart_block":7,"minecraft:bamboo_raft":2,"minecraft:sand":6,"minecraft:stripped_spruce_log":8,"securitycraft:reinforced_dispenser":1,"minecraft:jungle_slab":4,"minecraft:dark_oak_log":28,"minecraft:barrel":5,"minecraft:mossy_cobblestone":16,"minecraft:polished_andesite":16,"alexsmobs:kangaroo_hide":2,"minecraft:diamond":2,"minecraft:spruce_boat":8,"useless_sword:lapis_lazuli_sword":1,"minecraft:granite":24,"minecraft:bread":35,"minecraft:emerald":63,"minecraft:bubble_coral_block":1,"minecraft:oak_sapling":39,"minecraft:bricks":1,"minecraft:charcoal":4,"minecraft:crafting_table":9,"minecraft:clay_ball":4,"minecraft:stone_brick_wall":9,"securitycraft:reinforced_glass_pane":19,"minecraft:diamond_horse_armor":1,"gravestone:obituary":10,"minecraft:shield":7,"minecraft:iron_axe":6,"minecraft:item_frame":5,"minecraft:iron_shovel":4,"minecraft:blackstone":720,"minecraft:stripped_warped_stem":1,"minecraft:beef":10,"minecraft:oak_boat":14,"minecraft:iron_nugget":40,"minecraft:poppy":1,"minecraft:lectern":1,"minecraft:minecart":10,"minecraft:sugar_cane":64,"minecraft:chest":3,"minecraft:spruce_trapdoor":4,"minecraft:egg":1,"minecraft:raw_iron":76,"securitycraft:reinforced_cobblestone":26,"minecraft:oak_door":1,"minecraft:copper_ingot":1,"minecraft:fire_charge":1,"minecraft:carrot":4,"minecraft:redstone":36,"minecraft:blue_carpet":9,"minecraft:stone_shovel":1,"minecraft:arrow":54,"minecraft:diamond_chestplate":3,"minecraft:hay_block":16,"minecraft:saddle":1,"minecraft:gold_ingot":22,"minecraft:black_banner":1,"minecraft:mutton":3,"minecraft:rail":77,"alexsmobs:kangaroo_meat":2,"minecraft:white_wool":3,"minecraft:oxeye_daisy":2,"minecraft:stripped_oak_log":6,"minecraft:leather":15,"alexsmobs:acacia_blossom":1,"minecraft:filled_map":6,"minecraft:ice":29,"alexsmobs:cachalot_whale_tooth":2,"minecraft:oak_log":105,"minecraft:yellow_bed":3,"minecraft:cobblestone_stairs":7,"securitycraft:reinforced_glass":11,"chococraft:chocobo_feather":10,"chococraft:gysahl_green":51,"minecraft:kelp":4,"minecraft:apple":26,"chococraft:gold_gysahl":2,"alexsmobs:cockroach_wing_fragment":1,"securitycraft:security_camera":1,"minecraft:iron_ingot":10,"minecraft:oak_fence_gate":1,"minecraft:stripped_oak_wood":1,"minecraft:iron_sword":4,"minecraft:acacia_sapling":14,"minecraft:oak_slab":3,"minecraft:bamboo_planks":4,"minecraft:sweet_berries":3,"minecraft:raw_iron_block":10,"minecraft:gravel":33,"chococraft:gysahl_green_seeds":9,"minecraft:spruce_sapling":8,"minecraft:blast_furnace":1,"minecraft:white_bed":9,"securitycraft:reinforced_iron_block":3,"minecraft:spruce_log":66,"minecraft:spider_eye":3,"minecraft:spruce_door":1,"minecraft:slime_ball":5,"minecraft:stone_axe":3,"alexsmobs:rainbow_jelly":2,"minecraft:iron_helmet":2,"minecraft:baked_potato":15,"minecraft:coal":151,"minecraft:ender_pearl":1}},"DataVersion":3465}